tier,rank,vina_kcal,qed,sa,mw,SI百分位,可测性,admet_alerts,姿态能量差,自洽性(域外标签),原Top50排名,smiles
1,1,-11.23,0.683,2.6,349.4,45.1,yellow,1,2.9,inner,-,C=C(C)c1cc2c(O)c(C)nc(-c3ccc(O)cc3)c2cc1C(=O)OC
1,2,-12.03,0.759,4.91,423.6,0.9,yellow,0,2.81,outer,-,Cn1c(=O)c2c(N3CC4CCCCC(C4)C3)c(O)cc3c2n(c1=O)C1CCCCC1C3
1,3,-11.87,0.703,4.01,370.4,12.2,yellow,2,2.76,transition,-,Cc1cc2c3c(c1C(=O)O)CCCC3c1ccn3c1C2C(=O)c1cccnc1-3
1,4,-11.42,0.829,3.66,407.5,8.9,yellow,0,2.69,transition,-,CCC(=O)NCCN1C(=O)N2CCC(C)(C)c3cc4c5c(ccc1c5c32)CC(C)O4
1,5,-11.51,0.823,3.75,379.5,14.0,green,2,2.49,outer,-,CC(C)n1cc2c3c(ccc(CN4CC(=O)N5CCCC5C4)c3c1=O)OC=C2
1,6,-12.34,0.908,3.73,334.5,11.7,yellow,2,2.48,inner,7,CNC(=O)CN1Cc2ccc3cccc4c3c2C(C1)CC41CCCC1
1,7,-11.04,0.813,3.82,409.5,2.5,yellow,0,2.47,transition,-,CCC(=O)NCCN1C(=O)N2CCC(C)(C)c3cc4c5c(ccc1c5c32)CC(O)O4
1,8,-11.67,0.704,3.72,385.4,32.4,green,1,2.36,outer,-,CC1OC(=O)c2cc3c4c(c2O1)C(=O)N(C)CCn4c(=O)n3C1CCCCC1
1,9,-11.75,0.808,3.82,370.4,16.8,green,0,2.33,outer,-,Cc1c2c3c(c4c(=O)n(C5CCCCC5)c(=O)[nH]c14)CCC(O)C3CCO2
1,10,-11.52,0.89,3.68,377.5,14.9,yellow,2,2.3,inner,-,CC(C)CNC(=O)c1cc2n(c1)-c1cccc3c1C(C2)C1CCCCN1C3=O
1,11,-11.95,0.883,4.04,367.4,7.9,green,1,2.27,outer,23,CC(C)Nc1nc(=O)n2c3c(cc4c(c13)CCC(=O)C4)OC1CCCCC12
1,12,-11.26,0.746,4.69,382.5,40.0,yellow,1,2.27,outer,-,COC1=CC2=C3CC(C(=O)O)CCC3C=C3C(=O)C(C(C)(C)C)=CC(=C1O)C32
1,13,-11.06,0.866,4.24,380.4,35.6,green,1,2.24,outer,-,Cc1cc2c3c4c(c(=O)n(C(=O)C(C)(C)CO)cc14)CCC1CCC(C2=O)N31
1,14,-11.34,0.772,4.11,394.5,16.4,yellow,1,2.18,outer,-,COC(=O)c1cc2c3c(c4c(cc3c1)C1(C)CCC(C(=O)O)C1C4)OCC2(C)C
1,15,-12.29,0.783,4.29,393.5,8.5,yellow,2,2.17,outer,35,CC1C=C2c3cc(O)c4c5c3C(C)(CCCn5c(=O)n4C3CCCCC3)CN2C1
1,16,-11.61,0.869,3.19,322.4,27.5,green,1,2.14,inner,-,CC(=O)NC1CCc2c3c(cc(=O)n2C1)-c1ccccc1C(=O)C3
1,17,-13.42,0.797,4.3,374.5,1.6,yellow,1,2.11,outer,1,CC1=CC2Cc3cccc4c3C3=C(CNC(=C32)O1)CN4C(=O)C1(C)CCCC1
1,18,-13.2,0.787,4.21,400.5,3.0,yellow,2,2.07,transition,3,CNC(=O)C1CCC2C3Cc4cc(C(C)=O)cc5c4-c4c(ccc(c43)CN12)CC5=O
1,19,-11.23,0.727,2.67,383.5,56.1,green,2,2.05,inner,-,O=C(Cc1cc2ccsc2n(-c2ccc(O)cc2)c1=O)N1CCCNCC1
1,20,-11.16,0.88,3.18,357.4,27.6,green,1,2.0,outer,-,CC(C)(CC(=O)n1c2c(c3cccc(O)c3c1=O)C(C)(C)CC2)C(=O)O
1,21,-11.98,0.654,3.27,399.5,24.5,yellow,2,1.97,inner,-,CC(C)(C)C(=O)N1C=C(CO)c2nc3c(c4nccc1c24)CCCc1ccccc1-3
1,22,-11.9,0.789,3.83,404.6,0.9,yellow,2,1.94,outer,-,Cc1cc(C)c2c3c1CCC1=C3C(=C(N3CCC(N4CCCCC4=O)C3)N2)NCC1
1,23,-11.03,0.91,3.76,312.5,42.1,green,1,1.9,transition,-,CNC(=O)CN1Cc2ccc(C)c3c2C(C1)CC1(CCCC1)C3
1,24,-12.25,0.81,3.85,392.5,3.8,green,1,1.89,inner,27,O=C(c1cc2ccc3c(c2cc1O)CC1COC2CCN(C3=O)C12)N1CCCC1
1,25,-11.16,0.751,4.57,406.5,5.0,yellow,0,1.87,outer,-,CC(=O)c1ccc2c3c1C=NC(=O)C3=CC1CC3CC(C(=O)NCCO)CCC3C21
1,26,-11.13,0.77,4.26,412.4,53.1,green,2,1.83,outer,-,CN1C(=O)N2C(=CC3CC(N4CCCCC4=O)CCC32)c2c1ncc(C(=O)O)c2O
1,27,-11.94,0.726,4.69,406.5,14.6,yellow,1,1.82,outer,-,CN1C(=O)N2C(=CC3CC(N4CCCCC4=O)CCC32)C2=C1NC1=CCC(=O)C1=C2
1,28,-11.23,0.847,3.16,346.4,23.4,yellow,2,1.82,transition,-,CC(C)=Cc1cccc2c(CN3CCCC3=O)c3c(cc12)CC(=O)N=C3
1,29,-12.58,0.715,3.79,361.4,14.8,yellow,1,1.8,inner,42,Cc1ccc2n(c1=O)-c1ccc3c([nH]c(=O)n3C3CCCCC3)c1C1CC21
1,30,-11.35,0.748,4.19,365.4,18.9,green,0,1.77,transition,-,O=C(O)Cc1ccc2c(c1)C(O)=C1C=C(O)C=C3C4CCCC4C(=O)N2C31
1,31,-11.3,0.911,3.03,354.4,48.6,green,1,1.77,inner,-,O=C(O)c1cnc2c(c1)c(N1C=CCCC1)nc(=O)n2C1CCCCC1
1,32,-11.83,0.891,3.73,363.5,0.2,green,1,1.76,transition,28,CNC(=O)CN1Cc2ccc3ccc4c5c3c2C(CC5CC(=O)N(C)C4)C1
1,33,-11.25,0.779,3.88,352.4,17.5,yellow,1,1.76,transition,-,CCC1Cc2c(C)ccc3c4occ(CNC(C)=O)c4c(=O)n(c23)C1C
1,34,-12.47,0.791,3.61,408.4,14.3,yellow,2,1.73,transition,18,CC1=C2OC(N3CCCCC3=O)CC(=O)N2c2cccc3cc(C(=O)O)c(O)c1c23
1,35,-11.04,0.766,2.35,322.4,47.7,yellow,0,1.71,inner,-,O=c1[nH]c2c(-c3ccccc3)cc(CO)cc2n1C1CCCCC1
1,36,-11.43,0.856,3.55,393.5,28.0,yellow,0,1.7,transition,-,CCOc1cc2c3c4c(cccc14)N(CC1CCC(=O)N1)C(=O)N3CCC2(C)C
1,37,-11.17,0.742,2.58,362.4,1.3,yellow,1,1.69,inner,-,O=C(O)c1cc2c3c(c1)n(C1CCCCC1)c(=O)n3CCc1ccccc1-2
1,38,-11.71,0.825,3.67,349.4,20.6,yellow,0,1.68,transition,-,O=C1C=Cc2c3c(cc4c(O)ccc1c24)N1CC(C(=O)O)CCC1CC3
1,39,-11.37,0.906,3.31,324.4,36.3,green,1,1.65,inner,-,COC1=CC2=C(CN1)CN(C(=O)C1(C)CCCC1)c1ccccc12
1,40,-11.36,0.815,3.83,396.5,38.1,green,2,1.65,transition,-,O=C(CCO)N1CCC2Cc3c4cc(O)cc5c4c(c(=O)n3CCC21)CCCC5
1,41,-11.06,0.713,4.73,381.4,7.4,yellow,0,1.65,outer,-,CN1C(=O)c2cc(O)cc3c2N2C1=CC(=O)N1C4CCCCC4OC(=C3O)C21
1,42,-12.21,0.731,4.56,329.4,0.7,yellow,2,1.62,transition,-,O=C1C=Cc2ccc3c4c(ccc1c24)C1C2CCC(C2)N1C(=O)CC3
1,43,-11.01,0.795,2.45,382.5,15.3,yellow,2,1.62,inner,-,CCCNC(=O)c1cc(CCN2CCCCCC2=O)c2c(O)ccc(C)c2c1
1,44,-11.55,0.748,3.88,388.5,2.5,yellow,2,1.6,inner,-,CCN(C(=O)CO)C1=CCn2c(c3c4c5c(cccc5ccc42)C(=O)C(C)C3)C1
1,45,-11.26,0.737,2.85,336.4,25.3,yellow,1,1.55,inner,-,CC(O)c1cc(-c2ccccc2)c2[nH]c(=O)n(C3CCCCC3)c2c1
1,46,-11.16,0.827,4.0,337.4,44.8,green,0,1.54,outer,-,CN1C2=NCC=C3C2=C(CCC3O)c2cc(N3CCCC3)c(O)cc21
1,47,-11.49,0.861,3.07,379.5,4.9,yellow,1,1.53,outer,-,CC1=CC2=CCCCc3cc(CCN4CCCCCC4=O)c(CO)c(c32)C1=O
1,48,-11.56,0.668,3.04,363.4,17.0,green,2,1.52,inner,-,CC(=O)NC1CCc2cc3c(Nc4cccc(O)c4)cccc3c(=O)n2C1
1,49,-11.22,0.825,4.11,391.4,20.5,yellow,2,1.51,transition,-,COC1=CCc2c(C(=O)O)nc3c4c(cc5c3c2C1CC5)C(C(=O)O)=CCCC4
1,50,-12.35,0.842,4.24,387.4,3.9,yellow,1,1.49,outer,12,CNC(=O)CN1Cc2ccc3c4c2C(CC2CC(=O)N=C5CC=C(C3=O)C5=C42)C1
1,51,-11.5,0.852,3.87,387.4,22.4,green,0,1.48,inner,-,O=C(O)c1cccc(N2CCC3=NC(=O)C4CCC5C(=O)c6ccc2c3c6N45)c1
1,52,-11.77,0.699,4.22,376.4,25.3,yellow,1,1.47,outer,-,CC1=C2Nc3nc(N)ncc3C(=O)C2c2cc(C)c(C(=O)O)c3c2C1CCC3
1,53,-11.36,0.688,4.13,407.5,6.2,green,1,1.44,outer,-,Cc1cc(CN2C(=O)CCCC2O)c2ccc3c4c(n(C(C)CO)c(=O)c1c24)CN=3
1,54,-11.57,0.882,3.73,365.4,8.9,green,1,1.39,transition,-,O=C(O)CN1CCc2c(cc3cccc4c3c2C2CCOCC2C4=O)C1=O
1,55,-11.5,0.776,3.5,419.5,2.5,yellow,1,1.39,inner,-,CC(C)CNC(=O)CN1CCc2cc3c(C(=O)O)ccc4c3c3c2C1CCC3=NC4=O
1,56,-11.46,0.814,4.04,397.5,6.5,green,2,1.39,outer,-,CNC(=O)C1(C)CCCC(n2cc3c(O)c(C)cc4c3c(c2=O)CN(C)C4=O)C1
1,57,-11.59,0.806,3.69,382.5,20.9,yellow,1,1.38,outer,-,CC1=Cc2c(C(=O)O)c(O)c3c4c2C(CCCn4c(=O)n3C2CCCCC2)C1
1,58,-12.18,0.785,3.83,354.5,7.2,yellow,1,1.36,outer,48,Cc1c2c(c3c4c1NC(=O)N(C1CCCCC1)C4CC(O)C3)CCCC2
1,59,-12.34,0.801,4.08,374.5,0.3,yellow,2,1.35,inner,24,CC12C3CCCC(=O)N1CCC(CN1Cc4cccc5cccc(c45)C1=O)C32
1,60,-11.59,0.864,2.85,394.4,8.9,yellow,1,1.34,inner,-,CN1CC(c2cccc3c2CN(C(=O)Cc2ccc(F)cc2C(=O)O)C3)=CC1=O
1,61,-11.26,0.9,2.83,339.5,61.3,yellow,0,1.34,inner,-,Cc1ccc2c3c(c(CCO)cc2c1N1CCCC1)OC(C)(C)CC3
1,62,-12.89,0.857,4.11,390.5,0.3,green,1,1.32,transition,2,CNC(=O)CN1Cc2ccc3c4c5c(cc(c24)C1)C(=O)CC1CCOCC(C3)C51
1,63,-11.01,0.898,4.54,341.4,52.4,green,0,1.3,outer,-,O=C(O)CC1CCc2c3c4c(n2C1=O)CCOC1CCC(CC=C3)C41
1,64,-11.64,0.701,3.48,378.4,29.5,yellow,1,1.29,inner,-,O=C1OCCc2c1c1ccccc1c1ncn(CC3CCCC(C(=O)O)C3)c21
1,65,-12.63,0.884,4.05,368.4,4.5,yellow,2,1.28,transition,5,O=C(O)CN1Cc2ccc3c4c5c(cc(c24)C1)C=NC(=O)C5=C1C=CC=CC13
1,66,-11.52,0.83,3.9,391.5,11.1,yellow,2,1.27,outer,-,CC=Cc1cc2c3c4c(cnc3c1)CCCN4C(=O)N2C1CCCC(C(=O)O)C1
1,67,-11.01,0.705,4.54,408.4,27.3,yellow,0,1.27,outer,-,O=C1N=Cc2c(C(=O)O)ccc3c2C1=CC1CC2CC(C(=O)NCCO)CCC2C31
1,68,-11.74,0.675,2.85,360.4,9.7,yellow,1,1.26,inner,-,O=C1CCCc2c1cc1c(c2C(=O)O)COc2c-1ccc1cccc(O)c21
1,69,-11.89,0.826,4.29,401.4,4.2,yellow,1,1.25,outer,-,CC1=CCc2c(c3c4n(c2=O)-c2cncc5c2C(CN(CC(=O)O)C5)C4=CC3)C1=O
1,70,-11.62,0.818,4.13,378.5,4.6,yellow,1,1.25,outer,-,O=c1nc2c3c4c(cnc3n1C1CCCCC1)CC(O)=CC4C1CCCCN21
1,71,-12.29,0.769,3.96,408.5,8.3,yellow,2,1.24,outer,43,C=C1C=C(C2CCCC2)c2cc(NC(=O)CC3C(=O)N(C)CCC3C)cc(O)c2C1
1,72,-11.13,0.853,2.8,356.5,41.1,yellow,1,1.22,transition,-,Cc1c(C(C)C)cc(CC(C)C)c2c(=O)n(C3CCCCC3)c(=O)[nH]c12
1,73,-11.68,0.844,3.38,408.4,14.2,yellow,1,1.21,inner,-,CC1C=C(c2cccc3c2CN(C(=O)Cc2ccc(F)cc2C(=O)O)C3)C(=O)N1C
1,74,-11.44,0.647,3.44,401.5,26.0,yellow,1,1.21,inner,-,CC(C)(C)C(=O)N1C=C(CO)c2nc3c(c4nccc1c24)CCc1ccc(O)cc1-3
1,75,-11.39,0.886,3.19,320.3,30.6,yellow,0,1.21,inner,-,O=C(O)C1=CCC2C(=O)c3ccccc3-c3cc(C(=O)O)cc1c32
1,76,-11.86,0.798,3.88,375.4,2.8,yellow,2,1.2,inner,-,O=C(O)C1CCC2=C3Cc4cc5c(cc4-c4cccc(c43)CN21)OCCC5O
1,77,-11.2,0.82,4.81,382.5,5.0,green,0,1.2,outer,-,Cc1[nH]c2c3c(nc(=O)n2C2CCCCC2)N2CCOC4OCC5C(c13)C5C42
1,78,-11.01,0.865,3.54,341.4,44.9,yellow,2,1.2,inner,-,COc1cc(C)c2c3c1C(=O)NCC3C=C(C(=O)N1CCCCC1)N2
1,79,-11.39,0.905,2.9,367.4,25.3,green,1,1.19,inner,-,CNC(=O)c1cc(OC)cc2ccc(N3CC(=O)N4CCCCC4C3)cc12
1,80,-11.26,0.822,3.7,385.4,42.4,green,0,1.17,outer,-,CC=C1Cn2c(cn(CC(=O)O)c2=O)-c2cc(O)c(N3COCCC3=O)cc21
1,81,-11.69,0.844,4.8,359.4,5.8,yellow,2,1.16,outer,-,CCC1=C=Cc2ccc3c(=O)n(C(=O)CC(C)C(=O)O)cc4c3c2C1=C=C4
1,82,-11.25,0.691,3.1,376.5,2.1,yellow,0,1.16,outer,-,O=C1CCc2c(O)c3c4c5c(ccc1c25)CCCn4c(=O)n3C1CCCCC1
1,83,-11.45,0.839,4.25,387.4,11.0,yellow,1,1.15,outer,-,O=C(O)CN1Cc2cncc3c2C(C1)C1=CCc2c4c(c(=O)n-3c21)CC=CC4=O
1,84,-11.1,0.686,2.96,386.4,1.1,yellow,1,1.11,inner,-,CCc1cc(C(=O)O)c2c3c1C(=O)Cc1ccc(-c4ccccc4O)c(c1-3)OC2
1,85,-12.29,0.831,4.14,361.4,1.5,yellow,0,1.1,inner,17,CC(=O)NC1CCC2c3ccc4c5c3C(COc3cccc(c3-5)OC4)C2C1
1,86,-12.22,0.802,4.23,375.5,4.1,yellow,0,1.1,transition,32,CC(=O)NC1CCC2c3ccc4c5c3C(COc3cc(C)cc(c3-5)OC4)C2C1
1,87,-11.42,0.622,4.06,394.5,7.9,yellow,2,1.1,transition,-,CC1CCc2ccc(O)c3c(=O)c4c(CC5CCCC(C(=O)O)C5)c[nH]c4n1c23
1,88,-11.47,0.703,3.61,387.4,17.5,yellow,0,1.08,inner,-,O=C(O)c1cccc(N2CCC3=NC(=O)C4CCc5c(O)c6ccc2c3c6n54)c1
1,89,-11.99,0.607,2.75,346.4,14.2,green,2,1.06,inner,-,O=C1CCCN1Cc1cn2c3c(cc(O)cc13)Cc1ccccc1C2=O
1,90,-11.58,0.766,4.71,428.4,6.0,green,0,1.06,outer,-,CC1C=C2C3=NCC4=C3c3c5c(cc(O)c3N2C1)-c1cn(CC(=O)O)c(=O)n1CC5=CC4
1,91,-11.25,0.77,2.91,350.4,27.2,yellow,2,1.06,transition,-,Cc1cc2c3c(cc4c(cc5n4CCN(CC(=O)O)C5)c3c1)OCCC2
1,92,-11.67,0.725,2.78,380.4,4.6,yellow,0,1.04,inner,-,COc1ccc2c(O)c3c4c(c2c1)C(=O)CCCn4c(=O)n3C1CCCCC1
1,93,-11.51,0.843,3.84,391.5,9.0,yellow,1,1.04,transition,-,CC1(C)CC2=CC3=CC(CC(=O)N4CCCNCC4)C(=O)N3c3cccc(c32)C1
1,94,-11.84,0.837,4.14,390.4,7.1,green,1,1.02,outer,-,CNC(=O)CN1Cc2ccc3c(=O)n4c5c6c3c2C(CC6CC(=O)N=C5CC4)C1
1,95,-11.4,0.831,3.93,377.5,42.6,yellow,1,1.02,outer,-,CCN(CC(C)C)c1c(O)cc2cc3c4c5c2c1CCC5CC(=O)C4=CCO3
1,96,-11.55,0.781,4.7,326.4,30.4,green,0,1.01,outer,-,Cc1c2[nH]c(=O)n3c4c-2c(cc1=O)C(O)CC4CCC31CCCC1
1,97,-11.4,0.752,2.28,336.4,35.0,yellow,1,1.01,inner,-,O=C(O)c1cc(-c2ccccc2)c2[nH]c(=O)n(C3CCCCC3)c2c1
1,98,-11.39,0.714,4.1,407.4,10.5,green,0,1.01,transition,-,CNC(=O)CN1Cc2ccc3cc(O)c4c5c3c2C(CC5CC(=O)C(C(=O)O)=N4)C1
1,99,-11.23,0.82,3.4,394.5,4.1,green,1,1.01,inner,-,O=C(c1cc2ccc3c(c2cc1O)CC(CO)C1CCCN1C3=O)N1CCCC1
1,100,-11.61,0.837,3.78,395.5,25.5,yellow,2,1.0,transition,-,CC1CC2OCCC(c3ccc4cc(C(=O)N5CCOCC5)c(O)cc4c3)C2C1
2,1,-10.93,0.736,4.21,380.4,28.0,green,0,2.82,transition,-,CNC(=O)CN1Cc2ccc3cc(O)c4c5c3c2C(CC5CC(O)C(=O)C4)C1
2,2,-10.87,0.762,4.3,448.5,25.9,yellow,1,2.76,outer,-,CCC1C=C2C(=Nc3c(CN(C)C(=O)C4=CN(C)C(=O)C4)cccc3N2C(C)=O)C(C)=C1O
2,3,-10.99,0.832,3.67,383.5,34.4,yellow,0,2.74,outer,-,CC12CCCc3c(C(N)=O)c(O)c4c(c31)n(c(=O)n4C1CCCCC1)CCC2
2,4,-10.72,0.778,3.42,387.5,19.9,yellow,3,2.71,inner,-,CC(=O)N1C=C2C=CN(C)C=C2c2cc(O)c3c(N4CCCCC4)cccc3c21
2,5,-10.82,0.836,5.19,404.5,-9.4,yellow,2,2.7,transition,-,Cc1cc2c3n(c1=O)Cc1c(ccc4c1CCCN(CC(=O)O)C4)C31CCC(C2)C1
2,6,-10.83,0.78,3.8,378.4,36.6,green,2,2.66,inner,-,CC1OC(=O)c2cccc3c2C1Cc1c(ccc2c1C(=O)N(CC(=O)O)C2)N3
2,7,-10.87,0.874,4.02,366.5,31.3,yellow,0,2.64,outer,-,COc1cc2c3c(c1)=C1CC(C(=O)O)CCC1CC=3C(=O)C(C(C)(C)C)=C2
2,8,-10.57,0.72,3.99,399.5,8.2,green,0,2.61,outer,-,CC12CCCn3c(=O)n(C4CCCCC4)c4c(O)c(C(N)=O)c(c1c43)CCC2O
2,9,-11.22,0.67,4.9,410.5,-5.4,yellow,3,2.58,outer,-,CC1=CC=C2CN(C)C(=O)c3ccc4c5c6c(c2n35)C1CN(C)C6=CC1=NC(=O)CC14
2,10,-12.89,0.836,4.43,404.5,-0.1,yellow,1,2.47,transition,4,CNC(=O)CN1Cc2ccc3c4c5c(cc(c24)C1)C(C)C(=O)C1CCOCC(C3)C51
2,11,-10.73,0.79,3.69,385.5,14.1,yellow,2,2.47,outer,-,CC(C)Nc1nc(=O)n2c3c(cc(CCCC(=O)O)cc13)OC1CCCCC12
2,12,-10.56,0.788,4.55,397.5,7.1,green,1,2.41,outer,-,C=C1C(O)=Cc2c3n(c(=O)n(C)c2=O)C2CCC(N4CCCCC4=O)CC2CC13
2,13,-10.69,0.704,2.47,333.4,20.1,yellow,2,2.32,inner,-,C=C(C)c1cc2c(O)c(C)nc(-c3ccccc3)c2cc1C(=O)OC
2,14,-12.1,0.871,3.69,347.5,6.3,yellow,3,2.29,inner,16,CCC1CCC2c3c(ccc4c3CN(CC(=O)O)C4)-c3ccccc3C12
2,15,-10.69,0.77,4.3,391.5,-14.5,yellow,1,2.22,outer,-,CC1(CN2CCCCC2=O)CC2CC(=O)C3=C2c2c(ccc4c2C(=CCO4)C3)O1
2,16,-11.16,0.726,2.33,364.5,6.3,yellow,3,2.2,inner,-,CCCC(=O)N1CCN(c2cc3c(C)cccc3c3c2CCCCC3)CC1
2,17,-10.73,0.886,4.3,354.4,6.1,green,1,2.17,outer,-,CC1C(=O)N=C2CC3CC(CC(=O)N(C)C)CCC3c3cc(O)cc1c32
2,18,-10.78,0.753,5.08,369.5,5.2,yellow,2,2.16,outer,-,CC1CN2CCC3(CCCC(C(=O)O)C3)CC3CC=C4C(=O)CCC1C4=C32
2,19,-10.83,0.84,3.7,369.5,33.2,yellow,2,2.15,outer,-,CN1CC2(C)CCCn3c(=O)n(C4CCCCC4)c4c(O)cc(c2c43)C1=O
2,20,-11.57,0.69,3.19,415.5,-2.6,yellow,3,2.13,inner,-,Cc1cc(-c2ccccc2)c2[nH]c(N3CCC(N4CCCCC4=O)C3)c(C)c(=O)c2c1
2,21,-10.72,0.785,4.14,409.5,4.5,yellow,0,2.08,outer,-,Cn1c(=O)c2c(N3CCC4CCCC4C3)c(O)cc3c2n(c1=O)C1CCCCC1C3
2,22,-10.99,0.837,3.8,372.5,-6.0,green,1,2.07,outer,-,CC1=Cc2cc3cccc4c3c3c2=C(NCC=3CN4C(=O)C2(C)CCCC2)O1
2,23,-10.74,0.888,3.64,352.4,15.2,green,1,1.97,transition,-,CNC(=O)CN1Cc2ccc3cc(C)cc4c3c2C(CC4CC(=O)O)C1
2,24,-12.23,0.688,4.88,396.4,-0.7,green,2,1.94,outer,-,CN1CC2=CC=CC3CN(C)C4=CC5=NC(=O)CC5c5ccc(n6c2c3c4c56)C1=O
2,25,-10.87,0.779,4.09,395.6,-11.1,yellow,2,1.94,outer,-,CN1CC2(C)CCCn3c(=O)n(C4CCCCC4)c4c(O)c5c(c2c43)C1CCC5
2,26,-10.68,0.559,3.2,376.4,0.4,green,3,1.94,transition,-,Cc1c(N)ncc2c1C(=O)n1cc(CN3CCCC3=O)c3cc(O)cc(c31)C2
2,27,-10.73,0.775,4.53,401.5,-0.5,green,0,1.93,outer,-,CC1CC(O)C2CC3CC(N4CCCCC4=O)CCC3n3c2c1c(=O)n(C)c3=O
2,28,-10.57,0.883,3.28,367.5,-9.4,yellow,3,1.91,inner,-,CCc1c2c(cc3ccc4c(c13)OCC(C)CCC4)CN(CC(=O)O)CC2
2,29,-10.78,0.84,3.27,351.4,9.6,green,2,1.82,transition,-,CNCc1cc2c3c(ccc4c3c1N1CCCN1C(=O)CC4)COC2=O
2,30,-10.59,0.826,3.73,390.5,-16.0,yellow,2,1.81,outer,-,CCc1ccc(C)c2c1C1=CC=CNC1=C(N1CCC(N3CCCCC3=O)C1)N2
2,31,-10.63,0.928,2.89,341.4,1.6,green,1,1.79,transition,-,CC(C)(CC(=O)n1c2c(c3ccccc3c1=O)C(C)(C)CC2)C(=O)O
2,32,-10.84,0.706,3.05,397.4,36.8,green,1,1.77,transition,-,CCNC(=O)CN1Cc2c(c(C(=O)O)c3ccc(OC)c4c3c2CCN4)CC1=O
2,33,-12.08,0.777,3.38,346.4,4.9,green,3,1.74,inner,-,O=C1NCC2=C=C(C(=O)N3CCCCC3)Nc3c2c1nc1ccccc31
2,34,-10.68,0.839,3.53,382.5,6.5,green,1,1.74,transition,-,CC(=O)NCc1c2c(nc3c(C)cccc13)CCN(C1CC(=O)NCCO1)C2
2,35,-10.89,0.841,3.47,386.4,62.7,yellow,0,1.72,outer,-,CCC1CCOc2c1cc(CC(=O)O)c1c(=O)n(C3CCCCC3)c(=O)[nH]c21
2,36,-10.52,0.7,3.64,409.4,29.0,yellow,1,1.72,transition,-,COc1cc2c3c(c(CO)n4c3c1NC1=C(CC=C1)C4=O)CCN(CC(=O)O)C2=O
2,37,-11.49,0.734,3.66,403.4,-3.2,green,1,1.69,transition,-,CN1CC2=C3OC(N4CCCCC4=O)CC(=O)N3c3cccc4ccc(c2c34)C1=O
2,38,-10.97,0.781,4.36,387.5,44.7,green,0,1.69,outer,-,Cn1c(=O)c2c3n(c1=O)C1CCC(N4CCCCC4=O)CC1CC3CC(O)C2
2,39,-11.41,0.639,4.16,430.5,-2.5,green,2,1.64,inner,-,CC1=c2c(=O)c3ccccc3n3c4c(c(c23)NC1)C(=O)N1C(CCCC1C(=O)N(C)C)C4
2,40,-10.63,0.944,2.39,323.4,33.1,green,1,1.64,inner,-,COc1cccc2c1CCc1c-2ccc2c1CCN(CC(=O)O)C2
2,41,-11.4,0.865,3.34,379.5,-1.9,yellow,3,1.59,inner,-,CC1c2c(c3c(c4ccccc24)CCCC3)C(=O)N1C(=O)CC(C)(C)C(=O)O
2,42,-11.2,0.902,3.44,368.5,28.6,yellow,3,1.59,inner,-,CCc1cccc2c(O)cn(CC3CCN4C(=O)CCCCC4C3)c(=O)c12
2,43,-11.13,0.916,3.5,350.4,46.3,green,3,1.55,transition,-,COC1=CCc2c(C(=O)O)nc3c(C)c(CN(C)C)cc4c3c2C1=CC4
2,44,-10.74,0.719,3.98,399.5,51.8,yellow,2,1.52,outer,-,CCC1CC2CCCn3c(=O)n(C4CCCCC4)c4c(O)c(C(=O)O)c(c2c43)N1
2,45,-12.58,0.729,4.73,404.5,-0.1,yellow,1,1.51,outer,33,CN1C(=O)N2C(=CC3CC(N4CCCCC4=O)CCC32)C2=C1NC1=CC=CCC1=C2
2,46,-10.51,0.608,3.08,405.4,19.9,green,1,1.51,inner,-,O=C(O)CN1CCc2c(cnc3c4c(nc(CO)c23)-c2cc(CO)ccc2CC4)C1
2,47,-11.22,0.833,4.2,406.5,46.1,yellow,3,1.48,transition,-,CCCc1cc2c(cc1OC)-n1ccc3c1C(=CC1CCC(C(=O)O)N1C3=O)C2C
2,48,-10.67,0.851,3.36,382.5,29.3,green,1,1.47,inner,-,CNC(=O)CN1Cc2ccc(OC)c3c2C(Cc2c-3cc(C)c(O)c2OC)C1
2,49,-11.16,0.853,3.53,393.5,10.8,yellow,3,1.44,outer,-,CC=Cc1cc(C)cc2[nH]c(N3CCC(N4CCCCC4=O)C3)c(CC)c(=O)c12
2,50,-10.64,0.888,2.46,343.4,36.2,green,0,1.44,inner,-,CC(=O)Nc1nc(=O)n(C2CCCCC2)c2ccc(CC(=O)O)cc12
2,51,-10.87,0.822,3.92,422.5,-4.6,yellow,1,1.43,transition,-,COc1ccc2c(C(=O)O)cc3c(c2c1)CC(C)(C)CN(C12CC(=O)N(C)C1C2)C3=O
2,52,-10.84,0.792,3.59,399.4,27.2,yellow,1,1.42,outer,-,CC(CC(=O)n1c(=O)c(C(C)C)cc2c3c(ccc21)OCC(C(=O)O)=C3)C(=O)O
2,53,-10.64,0.914,3.1,353.4,24.4,yellow,2,1.42,inner,-,CC1CCOc2ccc3c(CN4CCCC4=O)cc(CC(=O)O)cc3c21
2,54,-10.53,0.724,4.29,359.4,-11.1,green,1,1.41,transition,-,CC1(C)CCC2Cc3nc4cccc5cnc6c(c3N(CC=6C(=O)O)C21)c54
2,55,-10.78,0.746,4.12,352.5,-12.3,yellow,2,1.38,outer,-,Cc1cc2c3cc(cc(C)c3c1)CCC(=O)NC(C)(C)CCCNCC2
2,56,-10.93,0.861,3.25,337.4,23.2,yellow,0,1.37,transition,-,CCc1cc(O)cc2c1-c1cc(N3CCCC3)c(O)cc1C(=O)C2C
2,57,-12.34,0.825,3.81,405.5,-0.1,yellow,0,1.36,transition,15,CC1(C)CCN2C(=O)N(CC3CCCC(=O)N3)c3ccc4c5c(cc1c2c35)OCC4
2,58,-10.97,0.497,2.67,432.4,15.5,yellow,3,1.33,inner,-,COc1cc2c3c(c1)c1cc(Oc4ccccc4)c(O)cc1n3CCN(CC(=O)O)C2=O
2,59,-10.82,0.834,3.18,382.4,57.1,green,1,1.33,inner,-,Cc1cn2c(C(=O)O)cc(CC(=O)N3CCCC3)c2cc1C1=NCCC(=O)N1
2,60,-10.78,0.905,3.23,342.4,39.3,yellow,1,1.33,transition,-,CCC1CCCn2c(=O)n(C3CCCCC3)c3cc(C(=O)O)cc1c32
2,61,-11.46,0.8,3.88,409.5,-2.1,green,2,1.32,outer,-,CC1(C)CCC2C1Cc1c(O)ccc3cc(CC(=O)N4CCCNCC4)c(=O)n2c13
2,62,-11.14,0.755,3.8,426.5,-6.8,yellow,1,1.32,transition,-,CCN1c2cccc(CN(C)C(=O)C3=CN(C)C(=O)C3)c2N=c2cc3c(cc21)=CC=CC3
2,63,-10.61,0.82,3.88,381.5,39.6,green,3,1.32,outer,-,Oc1c2c3c(c4nccc(N5CCCCC5)c14)CCN1CCOC(CCO2)C31
2,64,-11.1,0.885,3.42,381.5,-6.0,green,2,1.31,inner,-,CC1CN(Cc2cccc(C(=O)N3CCCCC3CO)c2)C(=O)n2cccc21
2,65,-10.92,0.816,2.65,357.4,49.9,green,0,1.3,transition,-,Cn1c(=O)n(C2CCCCC2)c(=O)c2cc(N3C(=O)COC3=O)ccc21
2,66,-11.57,0.792,3.4,404.5,4.9,yellow,3,1.28,inner,-,CC(C)CNC(=O)CN1CCc2cc3c(C(=O)O)ccc4c3c3c2C1CCC3=CC4
2,67,-10.59,0.842,3.63,377.4,6.4,green,2,1.28,inner,-,CC1c2c(ccc3c2CCN(CC(=O)O)C3)C(=O)N2Cc3ccccc3NC12
2,68,-11.15,0.703,2.55,398.5,-3.4,yellow,3,1.27,inner,-,CCc1ccc2c3c(c4c(cc13)CN(CC(=O)Nc1ccccc1)CC4)CCC2=O
2,69,-11.08,0.781,2.68,354.4,26.1,yellow,3,1.25,inner,-,O=C(O)Cc1cc2c(c3ccc(O)cc13)CN(C1CCCCC1)C(=O)N2
2,70,-10.71,0.93,3.9,313.4,18.7,green,1,1.25,outer,-,CC(CC(=O)N1CC2(C)CC=Cc3cccc(c32)C1=O)C(=O)O
2,71,-10.64,0.616,2.73,439.5,24.1,green,2,1.25,inner,-,O=C(O)CCc1cccc(-n2c(=O)c(CC(=O)N3CCCNCC3)cc3ccsc32)c1
2,72,-10.62,0.738,4.21,420.5,37.2,green,1,1.25,inner,-,COC1=NC2C=CN=CN2c2cc3cnc(CC(=O)N4CCCCCC4)c(=O)n3cc21
2,73,-10.82,0.891,3.36,379.5,-6.7,green,1,1.24,inner,-,CCC1C(=O)N(C)c2c1ccc1ccc(C(=O)N3CCCC3C(=O)NC)cc21
2,74,-10.67,0.73,3.19,380.4,13.7,yellow,2,1.23,outer,-,COc1c2c3c(cc(C)c(O)c3c3cc4n(c13)CCN(CC(=O)O)C4)CCC2
2,75,-10.61,0.927,4.64,311.3,35.2,green,1,1.21,outer,-,CC(CC(=O)N1CC23CC2C=Cc2cccc(c23)C1=O)C(=O)O
2,76,-10.61,0.853,3.54,393.5,2.6,yellow,3,1.21,outer,-,CC=Cc1ccc(C)c2[nH]c(N3CCC(N4CCCCC4=O)C3)c(CC)c(=O)c12
2,77,-13.14,0.54,3.7,415.4,1.2,green,2,1.2,inner,-,O=C(CC1C=c2cc3cc4oc(=O)cc4c4cccc(c34)n2C1=O)N1CCCNCC1
2,78,-10.83,0.81,3.74,368.4,17.8,green,0,1.18,outer,-,Cc1c2c3c(c4c(=O)n(C5CCCCC5)c(=O)[nH]c14)CCC(O)C3=CCO2
2,79,-10.65,0.763,3.58,384.4,-7.3,yellow,0,1.18,outer,-,CC1Cc2c(c(O)c3c4c2C(=O)CCCn4c(=O)n3C2CCCCC2)C(=O)O1
2,80,-10.9,0.924,3.64,318.4,20.3,yellow,2,1.17,inner,-,Cc1nc(N)c(CCc2ccccc2)c2c1CC1(C)C=CC=C1O2
2,81,-10.67,0.79,3.43,349.4,13.1,green,2,1.17,inner,-,CC1CCc2c(CCC(=O)N(C)C)[nH]c3c2c1nc(=O)c1ccccc13
2,82,-10.66,0.877,3.48,382.4,20.2,yellow,1,1.16,outer,-,COc1c(C)c2c(c3cc4n(c13)CCN(CC(=O)O)C4)C(=O)C1=C(CCO1)C2
2,83,-10.73,0.888,4.2,365.4,18.7,yellow,0,1.15,outer,-,O=c1n2c3c4c(c(CO)cc3n1C1CCCCC1)C=CC1=COC(CC2)N14
2,84,-11.32,0.84,3.69,403.5,-3.7,yellow,3,1.14,transition,-,Cc1c(N2CCC(N3CCCCC3=O)C2)[nH]c2c(C3=CC=CC3)ccc(C)c2c1=O
2,85,-10.71,0.882,3.56,356.4,20.5,green,1,1.14,transition,-,CCC=Cc1c(=O)n2c(c3cc(O)c(OC)cc13)CCC(NC(C)=O)C2
2,86,-10.54,0.852,3.6,384.5,18.3,yellow,3,1.11,transition,-,CCc1ccc(O)c2c(O)cn(CC3CCN4C(=O)CCCCC4C3)c(=O)c12
2,87,-10.64,0.857,3.87,355.4,16.8,yellow,1,1.1,outer,-,CC1(C)CC(CC(=O)O)n2c(c3c4c(ccc(O)c4c2=O)C(=O)C=C3)O1
2,88,-10.89,0.806,3.37,389.5,20.9,green,1,1.08,transition,-,CCCC1=CCN=c2c(C)cc3c4c(ccc3c2=C1)CCN(C(=O)CN(C)C)C4
2,89,-10.7,0.868,4.38,383.5,44.9,yellow,1,1.08,transition,-,CCC1C2=CCOc3ccc4c(c32)C(CCC(CN2CCCCC2=O)O4)C1O
2,90,-10.65,0.868,4.06,384.5,9.9,yellow,2,1.07,outer,-,CC(C)C1=CCC(O)c2ccn(CC3CCN4C(=O)CCCCC4C3)c(=O)c21
2,91,-10.7,0.718,3.97,390.4,1.5,green,1,1.06,inner,-,CCN(C(=O)CO)C1=CCn2c(c3c4c5c(cccc5ccc42)C(=O)C(O)C3)C1
2,92,-10.55,0.782,4.5,374.5,-4.8,yellow,2,1.06,outer,-,CC1CC2=C(C(=O)O)CN3c4c(nc5cccc1c5c42)CC1CCC(C)(C)C13
2,93,-12.27,0.757,3.81,405.4,-0.6,green,1,1.05,inner,-,O=C1NCC2=C3OC(N4CCCCC4=O)CC(=O)N3c3cccc4c(O)cc1c2c34
2,94,-10.76,0.853,2.22,367.4,32.0,green,1,1.05,inner,-,CNC(=O)c1cc(C)c2cccc(NC(=O)CCN3CCCCC3=O)c2c1
2,95,-10.82,0.836,3.34,380.5,12.1,yellow,3,1.04,inner,-,Cc1cc(O)c2c(c1)C(C)Cc1c(CCCC(=O)N3CCCCC3)cn(C)c1-2
2,96,-12.05,0.537,2.91,410.5,-1.7,yellow,3,1.03,inner,-,Cc1cc2c3c(ccc2c2c1OCc1c-2cnc2ccccc12)C(=O)N(CCO)CC3
2,97,-10.67,0.746,3.7,393.5,-6.5,green,2,1.03,inner,-,CCC1C=C(CO)Nc2c1ccc1ccc(C(=O)N3CCCC3C(=O)NC)cc21
2,98,-10.77,0.769,2.42,368.4,20.9,yellow,3,1.02,inner,-,CCc1cn(C)c(=O)c2ccc(C(=O)N(C)Cc3ccc(O)cc3F)cc12
2,99,-11.01,0.773,3.01,364.4,19.4,yellow,3,1.01,transition,-,COc1c2c3c(cc(C)cc3c3cc4n(c13)CCN(CC(=O)O)C4)CCC2
2,100,-10.83,0.796,3.35,408.4,0.0,green,1,1.01,inner,-,O=C(O)C1Cc2c(ccc3cc(C(=O)N4CCCC4)c(O)cc23)C(=O)N2CCCC12
