rank,vina_kcal,qed,SI百分位,可测性,admet_alerts,自洽性,原Top50排名,smiles
1,-13.51,0.496,0.1,yellow,3,inner,-,CN1CCN2CC=C(c3cc4c5c(cccc5n3)-c3ccccc3C4=O)CC2C1=O
2,-13.42,0.797,1.6,yellow,1,outer,1,CC1=CC2Cc3cccc4c3C3=C(CNC(=C32)O1)CN4C(=O)C1(C)CCCC1
3,-13.2,0.787,3.0,yellow,2,transition,3,CNC(=O)C1CCC2C3Cc4cc(C(C)=O)cc5c4-c4c(ccc(c43)CN12)CC5=O
4,-13.14,0.54,1.2,green,2,inner,-,O=C(CC1C=c2cc3cc4oc(=O)cc4c4cccc(c34)n2C1=O)N1CCCNCC1
5,-12.89,0.857,0.3,green,1,transition,2,CNC(=O)CN1Cc2ccc3c4c5c(cc(c24)C1)C(=O)CC1CCOCC(C3)C51
6,-12.82,0.821,3.5,yellow,2,inner,6,O=C(O)CN1Cc2ccc3c4c5c(cc(c24)C1)COC(=O)C5=C1C=CC=CC13
7,-12.81,0.743,4.4,yellow,4,inner,13,CC1Nc2cccc3c2-c2nc4c(cc21)C(N1CCCC1)=NCN4COCCC3
8,-12.75,0.806,3.7,green,1,inner,10,CNC(=O)C1CCC2C3Cc4cc(C(=O)O)cc5c4-c4c(ccc(c43)CN12)CC5=O
9,-12.63,0.884,4.5,yellow,2,transition,5,O=C(O)CN1Cc2ccc3c4c5c(cc(c24)C1)C=NC(=O)C5=C1C=CC=CC13
10,-12.58,0.715,14.8,yellow,1,inner,42,Cc1ccc2n(c1=O)-c1ccc3c([nH]c(=O)n3C3CCCCC3)c1C1CC21
11,-12.51,0.869,7.1,yellow,1,inner,8,CNC(=O)C1=C2C=CC=CC2c2ccc3c4c(ccc1c24)CN(CC(=O)O)C3
12,-12.47,0.791,14.3,yellow,2,transition,18,CC1=C2OC(N3CCCCC3=O)CC(=O)N2c2cccc3cc(C(=O)O)c(O)c1c23
13,-12.44,0.873,6.9,yellow,2,inner,9,CC1OCC2CC3CN(CC(=O)O)C(=O)c4cc5cccc6c5c(c43)C2C1C6
14,-12.42,0.839,14.5,yellow,1,outer,11,CN(C)C(=O)CC1CCC2c3cc(O)c4c5c3C(CC(=O)C5=CCC4)CC2C1
15,-12.34,0.908,11.7,yellow,2,inner,7,CNC(=O)CN1Cc2ccc3cccc4c3c2C(C1)CC41CCCC1
16,-12.34,0.825,-0.1,yellow,0,transition,15,CC1(C)CCN2C(=O)N(CC3CCCC(=O)N3)c3ccc4c5c(cc1c2c35)OCC4
17,-12.33,0.781,14.6,yellow,0,inner,31,CC(=O)N1C=C2CC(=O)NC=C2c2cc(O)c3c(N4CCCCC4)cccc3c21
18,-12.29,0.831,1.5,yellow,0,inner,17,CC(=O)NC1CCC2c3ccc4c5c3C(COc3cccc(c3-5)OC4)C2C1
19,-12.25,0.81,3.8,green,1,inner,27,O=C(c1cc2ccc3c(c2cc1O)CC1COC2CCN(C3=O)C12)N1CCCC1
20,-12.22,0.802,4.1,yellow,0,transition,32,CC(=O)NC1CCC2c3ccc4c5c3C(COc3cc(C)cc(c3-5)OC4)C2C1
21,-12.19,0.824,10.8,yellow,0,outer,26,Cc1[nH]c2c3c(nc(=O)n2C2CCCCC2)N2CCCC4CC(=O)C(=C42)Cc13
22,-12.12,0.876,34.1,yellow,2,outer,14,CC1CC2(C)CCc3c2c2c(cccc2c(=O)n3C(=O)CC(C)(C)C(=O)O)O1
23,-12.12,0.722,34.4,yellow,0,outer,-,Cc1cc2c3c(c(CO)cc4c3n(c(=O)n4C3CCCCC3)CCC2)c1O
24,-12.08,0.847,0.2,yellow,0,inner,25,CC1(C)CCC(O)N1c1cc2c3c(c1)-c1ccccc1CC3COC2
25,-12.08,0.777,4.9,green,3,inner,-,O=C1NCC2=C=C(C(=O)N3CCCCC3)Nc3c2c1nc1ccccc31
26,-12.08,0.772,20.6,yellow,0,inner,-,CC1Cc2cccc(c2)C(=O)Nc2ccccc2CCCCNC1=O
27,-12.03,0.877,27.5,yellow,2,outer,19,CC1=CC2(C)CCc3c2c2c(cccc2c(=O)n3C(=O)CC(C)(C)C(=O)O)O1
28,-12.01,0.772,36.5,green,2,inner,-,Nc1nc(=O)[nH]c2c1-c1ccc(CC(=O)N3CCCCCC3)c(=O)n1C1C=NC=C21
29,-11.98,0.773,17.5,yellow,0,transition,-,CCNC(=O)CC1(O)CCC2CCc3c(cc4c5c3C=C(C)CC5CCCC4)N2C1=O
30,-11.97,0.854,39.4,yellow,1,outer,29,CCc1c(O)c2c3c(ncc4c3c1CC(C)C4=O)N(C1CCCCC1)C(=O)C2
31,-11.95,0.883,7.9,green,1,outer,23,CC(C)Nc1nc(=O)n2c3c(cc4c(c13)CCC(=O)C4)OC1CCCCC12
32,-11.9,0.818,6.2,green,0,transition,-,CNC(=O)C1CCC2Cc3c(ccc4c3CC(C(=O)NC(C)=O)CC4)CN21
33,-11.83,0.891,0.2,green,1,transition,28,CNC(=O)CN1Cc2ccc3ccc4c5c3c2C(CC5CC(=O)N(C)C4)C1
34,-11.75,0.808,16.8,green,0,outer,-,Cc1c2c3c(c4c(=O)n(C5CCCCC5)c(=O)[nH]c14)CCC(O)C3CCO2
35,-11.71,0.825,20.6,yellow,0,transition,-,O=C1C=Cc2c3c(cc4c(O)ccc1c24)N1CC(C(=O)O)CCC1CC3
36,-11.67,0.704,32.4,green,1,outer,-,CC1OC(=O)c2cc3c4c(c2O1)C(=O)N(C)CCn4c(=O)n3C1CCCCC1
37,-11.64,0.892,11.5,yellow,1,transition,47,CNC(=O)CN1Cc2ccc3c4c2C(CC2CCC(C)C(=CC3=O)C42)C1
38,-11.61,0.869,27.5,green,1,inner,-,CC(=O)NC1CCc2c3c(cc(=O)n2C1)-c1ccccc1C(=O)C3
39,-11.59,0.906,9.2,yellow,0,transition,45,COc1cc2c3c4c5c(cc3c1)CC(CC(=O)O)C(=O)N5CCC4=CC2=O
40,-11.57,0.882,8.9,green,1,transition,-,O=C(O)CN1CCc2c(cc3cccc4c3c2C2CCOCC2C4=O)C1=O
41,-11.55,0.781,30.4,green,0,outer,-,Cc1c2[nH]c(=O)n3c4c-2c(cc1=O)C(O)CC4CCC31CCCC1
42,-11.52,0.89,14.9,yellow,2,inner,-,CC(C)CNC(=O)c1cc2n(c1)-c1cccc3c1C(C2)C1CCCCN1C3=O
43,-11.5,0.852,22.4,green,0,inner,-,O=C(O)c1cccc(N2CCC3=NC(=O)C4CCC5C(=O)c6ccc2c3c6N45)c1
44,-11.5,0.709,44.8,green,1,outer,-,COC1=CCc2c(C(=O)O)nc3c(C)c(C(=O)NCC(=O)O)cc4c3c2C1=CC4
45,-11.47,0.855,70.0,yellow,4,outer,-,CC(C)=C(C)c1cc(C(C)O)cc2c3c(cnc12)CN(CC(=O)O)CCC3
46,-11.45,0.879,34.0,green,2,inner,-,O=C1CCC2C=C(c3cccc(O)c3)Oc3ccccc3CN12
47,-11.45,0.871,16.2,green,0,inner,-,CC1C(=O)N=C2CCN(c3cccc(C(=O)O)c3)c3ccc4c(c32)N1C(=O)C4
48,-11.44,0.889,21.3,yellow,1,inner,-,O=C(O)C1=CCC2Cc3ccccc3-c3cc(C(=O)O)cc1c32
49,-11.43,0.856,28.0,yellow,0,transition,-,CCOc1cc2c3c4c(cccc14)N(CC1CCC(=O)N1)C(=O)N3CCC2(C)C
50,-11.4,0.831,42.6,yellow,1,outer,-,CCN(CC(C)C)c1c(O)cc2cc3c4c5c2c1CCC5CC(=O)C4=CCO3
51,-11.39,0.905,25.3,green,1,inner,-,CNC(=O)c1cc(OC)cc2ccc(N3CC(=O)N4CCCCC4C3)cc12
52,-11.39,0.886,30.6,yellow,0,inner,-,O=C(O)C1=CCC2C(=O)c3ccccc3-c3cc(C(=O)O)cc1c32
53,-11.37,0.906,36.3,green,1,inner,-,COC1=CC2=C(CN1)CN(C(=O)C1(C)CCCC1)c1ccccc12
54,-11.36,0.815,38.1,green,2,transition,-,O=C(CCO)N1CCC2Cc3c4cc(O)cc5c4c(c(=O)n3CCC21)CCCC5
55,-11.3,0.911,48.6,green,1,inner,-,O=C(O)c1cnc2c(c1)c(N1C=CCCC1)nc(=O)n2C1CCCCC1
56,-11.28,0.888,12.1,green,0,inner,-,CNC(=O)CC1CCC(c2ccc3c(c2)C2C(N)=NN=C2CC3)CC1
57,-11.26,0.9,61.3,yellow,0,inner,-,Cc1ccc2c3c(c(CCO)cc2c1N1CCCC1)OC(C)(C)CC3
58,-11.26,0.822,42.4,green,0,outer,-,CC=C1Cn2c(cn(CC(=O)O)c2=O)-c2cc(O)c(N3COCCC3=O)cc21
59,-11.23,0.727,56.1,green,2,inner,-,O=C(Cc1cc2ccsc2n(-c2ccc(O)cc2)c1=O)N1CCCNCC1
60,-11.19,0.71,54.9,green,1,outer,-,CNC(=O)C1(C)CCCC(n2cc3c4c(ccc(O)c4c2=O)N(C)C(=O)C3O)C1
61,-11.18,0.904,11.5,yellow,0,inner,-,O=C(O)c1cccc(C2CC(=O)N3CC=C4CCOc5ccc2c3c54)c1
62,-11.16,0.827,44.8,green,0,outer,-,CN1C2=NCC=C3C2=C(CCC3O)c2cc(N3CCCC3)c(O)cc21
63,-11.13,0.916,46.3,green,3,transition,-,COC1=CCc2c(C(=O)O)nc3c(C)c(CN(C)C)cc4c3c2C1=CC4
64,-11.13,0.77,53.1,green,2,outer,-,CN1C(=O)N2C(=CC3CC(N4CCCCC4=O)CCC32)c2c1ncc(C(=O)O)c2O
65,-11.12,0.919,11.3,green,0,inner,-,COc1cc2c3c(c1)C(c1cccc(C(=O)O)c1)CC(=O)N3CCC2=O
66,-11.03,0.868,43.2,green,0,inner,-,CC=C1Cn2c(cn(CC(=O)O)c2=O)-c2cc(O)c(N3CCCCC3)cc21
67,-11.01,0.898,52.4,green,0,outer,-,O=C(O)CC1CCc2c3c4c(n2C1=O)CCOC1CCC(CC=C3)C41
68,-10.9,0.924,20.3,yellow,2,inner,-,Cc1nc(N)c(CCc2ccccc2)c2c1CC1(C)C=CC=C1O2
69,-10.89,0.841,62.7,yellow,0,outer,-,CCC1CCOc2c1cc(CC(=O)O)c1c(=O)n(C3CCCCC3)c(=O)[nH]c21
70,-10.84,0.93,-1.5,yellow,4,inner,-,CCc1ccc2c(OC)ncc3c2c1NC(C(=O)N1CCCCC1)=C3
71,-10.82,0.834,57.1,green,1,inner,-,Cc1cn2c(C(=O)O)cc(CC(=O)N3CCCC3)c2cc1C1=NCCC(=O)N1
72,-10.75,0.926,1.7,green,1,inner,-,O=C(O)CN1CCc2c(ccc3c2CC(=O)c2ccccc2-3)C1
73,-10.72,0.917,23.6,yellow,2,transition,-,CCC(C(=O)O)c1ccc2c(c1)C(=O)C1CCC(C)c3ccc(=O)n-2c31
74,-10.71,0.93,18.7,green,1,outer,-,CC(CC(=O)N1CC2(C)CC=Cc3cccc(c32)C1=O)C(=O)O
75,-10.64,0.914,24.4,yellow,2,inner,-,CC1CCOc2ccc3c(CN4CCCC4=O)cc(CC(=O)O)cc3c21
76,-10.63,0.944,33.1,green,1,inner,-,COc1cccc2c1CCc1c-2ccc2c1CCN(CC(=O)O)C2
77,-10.61,0.927,35.2,green,1,outer,-,CC(CC(=O)N1CC23CC2C=Cc2cccc(c23)C1=O)C(=O)O
78,-10.56,0.919,51.5,green,0,transition,-,O=C(O)c1cc2c3c(c1)n(C1CCCCC1)c(=O)n3CCCC2=O
79,-10.44,0.93,40.1,green,0,inner,-,COc1ccc2c3c1C(=O)CN3C(=O)CC2c1cccc(C(=O)O)c1
80,-10.24,0.845,57.0,green,0,transition,-,CCc1c(CC)c(CC(N)=O)c2c(=O)n(C3CCCCC3)c(=O)[nH]c2c1C
81,-10.1,0.943,28.7,green,0,inner,-,Cc1cccc(-c2cc(CC(=O)O)c3c(c2)OCC(C)O3)c1
82,-10.05,0.878,55.4,green,1,inner,-,CCOc1c(CO)cc(C(=O)N2CCN(C)C(=O)C2)cc1-c1ccccc1
83,-9.94,0.946,37.2,green,3,inner,-,CCC1=COc2cc(O)cc3nc(CN(C)C(C)=O)cc1c23
84,-9.92,0.921,41.5,green,1,inner,-,CCc1cc2cc(CCN3CCNCC3=O)ccc2cc1OC
85,-9.86,0.944,27.6,green,1,inner,-,COc1cc2c(CO)cc3c(c2cc1OC)CCN(C(C)=O)C3
86,-9.86,0.942,42.9,green,0,outer,-,CCOc1c2c3c(n(C4CCCC4)c(=O)[nH]c-3c(C)c1=O)CCC2
87,-9.78,0.945,-9.7,green,0,inner,-,CC(=O)NC1CCC(c2cccc(-c3cnn(C)c3)c2)CC1
88,-9.64,0.947,2.7,green,1,transition,-,COCc1ccc2c3c(cc(CO)c2c1)CN(C(C)=O)CC3
89,-9.57,0.943,24.3,green,0,inner,-,CCc1cc(C(=O)O)cc2c1C(=O)Cc1cccc(OC)c1-2
90,-9.4,0.947,25.4,green,2,inner,-,CCc1c(O)c(C(=O)N2CCCC2)cc2cc(OC)ncc12
91,-9.14,0.946,14.8,green,1,inner,-,COc1ccc(-c2c(O)c(OC)cc3c2CCN(C)C3=O)cc1
