threshold,TPR,FPR,TP,FP
-14.0,0.0,0.0,0,0
-13.9,0.0,0.0,0,0
-13.8,0.0,0.0,0,0
-13.7,0.0,0.0,0,0
-13.6,0.0,0.0,0,0
-13.5,0.0,0.0,0,0
-13.4,0.0,0.0,0,0
-13.3,0.0,0.0,0,0
-13.2,0.0,0.0,0,0
-13.1,0.0,0.0,0,0
-13.0,0.0,0.0,0,0
-12.9,0.0,0.0,0,0
-12.8,0.0,0.0,0,0
-12.7,0.0014,0.0,1,0
-12.6,0.0014,0.0,1,0
-12.5,0.0014,0.0,1,0
-12.4,0.0027,0.0007,2,1
-12.3,0.0041,0.0014,3,2
-12.2,0.0041,0.0014,3,2
-12.1,0.0082,0.0014,6,2
-12.0,0.0082,0.0014,6,2
-11.9,0.011,0.0014,8,2
-11.8,0.0124,0.0014,9,2
-11.7,0.0124,0.0014,9,2
-11.6,0.0151,0.0014,11,2
-11.5,0.0179,0.0021,13,3
-11.4,0.0261,0.005,19,7
-11.3,0.0316,0.0057,23,8
-11.2,0.0426,0.0092,31,13
-11.1,0.0495,0.0121,36,17
-11.0,0.0604,0.0135,44,19
-10.9,0.0673,0.0178,49,25
-10.8,0.0824,0.0206,60,29
-10.7,0.0962,0.0256,70,36
-10.6,0.1071,0.032,78,45
-10.5,0.125,0.0384,91,54
-10.4,0.1415,0.0462,103,65
-10.3,0.147,0.0511,107,72
-10.2,0.1607,0.0639,117,90
-10.1,0.1854,0.0781,135,110
-10.0,0.2212,0.093,161,131
-9.9,0.2514,0.1143,183,161
-9.8,0.2802,0.1342,204,189
-9.7,0.3255,0.1541,237,217
-9.6,0.3736,0.1761,272,248
-9.5,0.4217,0.1974,307,278
-9.4,0.4712,0.2266,343,319
-9.3,0.5247,0.2543,382,358
-9.2,0.5673,0.2812,413,396
-9.1,0.6085,0.3175,443,447
-9.0,0.6593,0.3594,480,506
-8.9,0.6992,0.4055,509,571
-8.8,0.7308,0.4439,532,625
-8.7,0.7624,0.4915,555,692
-8.6,0.7912,0.5284,576,744
-8.5,0.8063,0.5724,587,806
-8.4,0.8365,0.6087,609,857
-8.3,0.8585,0.647,625,911
-8.2,0.8764,0.679,638,956
-8.1,0.8901,0.7067,648,995
-8.0,0.9011,0.7322,656,1031
-7.9,0.9176,0.7592,668,1069
-7.8,0.9299,0.7869,677,1108
-7.7,0.9368,0.8068,682,1136
-7.6,0.9464,0.8295,689,1168
-7.5,0.9519,0.8487,693,1195
-7.4,0.9602,0.8686,699,1223
-7.3,0.9657,0.8835,703,1244
-7.2,0.9712,0.8963,707,1262
-7.1,0.9725,0.9091,708,1280
-7.0,0.9808,0.9219,714,1298
-6.9,0.9808,0.9347,714,1316
-6.8,0.9835,0.9467,716,1333
-6.7,0.9849,0.9553,717,1345
-6.6,0.9849,0.9638,717,1357
-6.5,0.989,0.9688,720,1364
-6.4,0.9904,0.9759,721,1374
-6.3,0.9918,0.9801,722,1380
-6.2,0.9959,0.9844,725,1386
-6.1,0.9973,0.9872,726,1390
-6.0,0.9973,0.9886,726,1392
-5.9,0.9973,0.9893,726,1393
-5.8,0.9973,0.9915,726,1396
-5.7,0.9973,0.9936,726,1399
-5.6,0.9986,0.995,727,1401
-5.5,0.9986,0.9957,727,1402
-5.4,0.9986,0.9972,727,1404
-5.3,0.9986,0.9972,727,1404
-5.2,1.0,0.9986,728,1406
-5.1,1.0,0.9986,728,1406
-5.0,1.0,0.9986,728,1406
-4.9,1.0,0.9986,728,1406
-4.8,1.0,0.9993,728,1407
-4.7,1.0,0.9993,728,1407
-4.6,1.0,0.9993,728,1407
-4.5,1.0,0.9993,728,1407
-4.4,1.0,0.9993,728,1407
-4.3,1.0,0.9993,728,1407
-4.2,1.0,0.9993,728,1407
-4.1,1.0,0.9993,728,1407
