rank,category,max_tanimoto_vs_known,vina_kcal,qed,smiles
1,HIGH_NOVEL,0.256,-12.34,0.8133,CC1CN(C(=O)C2CCCC3c4cccc(C(=O)O)c4CC23)CC2C1CC(=O)N2C
2,HIGH_NOVEL,0.207,-11.99,0.798,Cc1c(C)c(-c2cccc(C(=O)O)c2)c(F)c2c1CC1CN(C)CCC1(C)CO2
3,HIGH_NOVEL,0.211,-11.88,0.7798,CCc1c(C)c(-c2cccc(C(=O)O)c2)c(F)c2c1CC1(C(N)=O)CCCC(C1)O2
4,HIGH_NOVEL,0.248,-11.77,0.7778,CCC1CCc2c(C(=O)NC3CN4C5=CC=CC5C(=O)NCc5cccc3c54)cccc21
5,HIGH_NOVEL,0.25,-11.6,0.8164,Cc1c2c(cc3ccccc13)CCN(C(=O)C1CC3CCCC3CC1C(=O)O)C2
6,HIGH_NOVEL,0.29,-11.69,0.7861,CC1CCC2CCN3C(=O)c4c(ccc(-c5ccccc5)c4O)CC3(C)C12
7,HIGH_NOVEL,0.325,-11.44,0.8098,CC1(O)CC2COc3cccc(C4=CCN(C(=O)Cc5ccccc5)CC4)c3C(=O)N2C1
8,HIGH_NOVEL,0.237,-11.43,0.8044,CC(=O)NC1CCc2c3c4c(c(=O)n2C1)CCC4C1CC(C3)C(c2ccccc2C)C1
9,HIGH_NOVEL,0.175,-12.15,0.6046,CC1CCC2C(CCN3C(=O)CC(C(=O)N4CC(=C5C=CC=CC5)CCC4C)CC23)C1
10,HIGH_NOVEL,0.254,-11.47,0.7837,Cc1cccc(C(=O)NC2CCC3C4C5=CC(=O)CC4C(CCC5O)C(=O)N3C2)c1
11,HIGH_NOVEL,0.309,-11.03,0.889,Cc1cc(C(C)CC(=O)NC2CCN(C)C2)cc2c1CCc1ccccc1-2
12,HIGH_NOVEL,0.315,-11.19,0.8464,CCc1cccc2c1CCC1(CCN(CC(=O)Nc3cccc(C)c3)C(=O)C1)C2
13,HIGH_NOVEL,0.325,-11.61,0.7342,CC1(C)CC2COc3cccc(C4=CCN(C(=O)Cc5ccccc5)CC4)c3C(=O)N2C1
14,HIGH_NOVEL,0.272,-11.4,0.7842,CC(C)N1CCC(=O)N2CC(=O)Nc3c(ccc4ccccc34)OCCOC=C2C1
15,HIGH_NOVEL,0.189,-11.13,0.8462,Cc1cc(C)c(C(=O)O)c(CC(=O)N2CCC34CCC5CC3CC2CC4C5)c1
16,HIGH_NOVEL,0.232,-11.83,0.648,O=C1C2CC(=O)N3C(CCC4CCCCC43)CC2CC2CCOc3ccccc3N12
17,HIGH_NOVEL,0.266,-11.11,0.8326,Cc1cc(CC(=O)O)c2ccc3c(c2c1)CC1=C2C=CC=CC2C(C)CN1C3=O
18,HIGH_NOVEL,0.256,-11.23,0.7969,CCc1c2c(cc3ccccc13)CCN(C(=O)C1CC3CCCC3CC1C(=O)O)C2
19,HIGH_NOVEL,0.226,-11.2,0.8044,CC(=O)NC1CCc2c3c4c(c(=O)n2C1)CCC4C1CC(C3)C(c2cccc(C)c2)C1
20,HIGH_NOVEL,0.333,-10.96,0.864,NC1CCC2(CCN3CCN(CCCc4cccc5cc(F)ccc45)C(=O)C32)C1
21,HIGH_NOVEL,0.188,-10.88,0.8833,Cc1cc(C)c(C(=O)O)c(CC(=O)N2CCC3C4CC5CC3C(C5)C2C4)c1
22,HIGH_NOVEL,0.287,-11.17,0.8053,Cc1cccc2c(C3CC4C(=O)CC5CCCCN5C(=O)C4C3)cc(O)cc12
23,HIGH_NOVEL,0.295,-11.25,0.782,COc1cccc(-n2cc3c(c(C)c2=O)C2=CC=CC4OCCCC(C)(C3)N24)c1
24,HIGH_NOVEL,0.214,-11.13,0.8086,Cc1cc(OC2(C)CC(=O)N3C(=O)N4CCC5=CCCN5C4CC3C2)cc(C)c1O
25,HIGH_NOVEL,0.194,-10.94,0.8545,CC(=O)NC1CCc2c3c4c(c(=O)n2C1)CCC4CC1CCCC1C3
26,HIGH_NOVEL,0.254,-11.05,0.8171,O=C1Nc2ccc(C(=O)N3CCCCOCC3)cc2C2CC=C3C=CC=C3C12
27,HIGH_NOVEL,0.248,-10.89,0.8593,O=C1Nc2c(ccn(-c3ccccc3)c2=O)C23CC4CC(CC12)C(C4)C3
28,HIGH_NOVEL,0.258,-11.15,0.7902,CN1CC2(CCCN(C(=O)C3CCCC4c5cccc(C(=O)O)c5CC34)C2)CCC1=O
29,HIGH_NOVEL,0.238,-11.1,0.8015,Cc1cccc2c(C3CC4C(=O)C=C5CCCCN5C(=O)C4C3)cc(O)cc12
30,HIGH_NOVEL,0.266,-11.03,0.8164,Cc1cc(CC(=O)O)c2ccc3c(c2c1)CC1=C2C=CCC(C)C2CCN1C3=O
31,HIGH_NOVEL,0.232,-10.89,0.8508,CC1CCC2N(C1=O)C(C(=O)Nc1c(F)ccc3c1CCCC3)CC2(C)C
32,HIGH_NOVEL,0.279,-11.55,0.6738,COc1ccc2c(c1)CN1C(=O)c3cccc4c3N3C1=C2CC3CC1C=C(C)C=C1O4
33,HIGH_NOVEL,0.283,-10.77,0.8788,Cc1cccc(NC(=O)CN2CCC3(CCc4ccc(F)cc4C3)CC2=O)c1
34,HIGH_NOVEL,0.232,-10.8,0.8619,COc1cc(C)c(C)c2c1CC(C1CC(=O)N3Cc4ccc(O)cc4C3C1)O2
35,HIGH_NOVEL,0.228,-11.35,0.7156,O=c1c2cccc3c2c(c2n1C1CN4CCCC4C4CCC(C2)C41)CCC3
36,HIGH_NOVEL,0.298,-11.03,0.7993,COc1cccc(-n2cc3c(c(C)c2=O)C2=CC=CC4(OC)CCC(C)(C3)N24)c1
37,HIGH_NOVEL,0.261,-10.79,0.8616,O=C1CCC23CCC1CC2C(=O)Nc1c3ccn(-c2ccccc2)c1=O
38,HIGH_NOVEL,0.264,-10.81,0.856,CC(O)C1CCN(C(=O)C2CCCC3c4cccc(C(=O)O)c4CC23)CC1
39,HIGH_NOVEL,0.212,-11.09,0.7783,O=c1c2c(c(F)c3n1C1CN4CC=Cc5cccc(c54)C1OC3)CNCC2
40,HIGH_NOVEL,0.333,-11.51,0.6591,Cc1cc(N2CCN(C(=O)C3=COc4ccccc4O3)CC2=O)cc2ccccc12
41,HIGH_NOVEL,0.248,-11.23,0.732,Cc1cccc(-c2cccc(C(N)=O)c2)c1CNC(=O)C1CC2CC(C)NC2C1
42,HIGH_NOVEL,0.274,-10.91,0.8065,CCc1ccc(NC(=O)C2CCC3C=C4CC=C(C)C(C)=C4CN3C(=O)C2)cc1
43,HIGH_NOVEL,0.29,-10.87,0.8137,CC12Cc3ccc(-c4ccccc4)c(O)c3C(=O)N1CCC1CC(O)CC12
44,HIGH_NOVEL,0.26,-10.93,0.7976,Cc1cccc2c(C34CC5C(=O)N6CCCC6CC56CCC3C64)cc(O)cc12
45,HIGH_NOVEL,0.265,-10.67,0.8665,CCC1c2ccc3ccccc3c2CCC1C(=O)NC1CCC(N(C)C)C1
46,HIGH_NOVEL,0.214,-10.67,0.8659,CCC1CCC2CC(C(=O)N3CCc4c(cc(C)c(O)c4F)C3)CC(=O)N12
47,HIGH_NOVEL,0.214,-10.92,0.7987,Cc1cccc2c(C3CC4C(=O)CC5C(O)CCN5C(=O)C4C3)cc(O)cc12
48,HIGH_NOVEL,0.168,-11.22,0.7189,O=C1NCC2C(=CC(F)=C3N2CCOC3(F)F)COC2=CCCc3nccc1c32
49,HIGH_NOVEL,0.234,-11.2,0.7224,CC(C)C1c2cc3c(cc2C(=O)N1CCc1ccc2c(c1)CCCC2)CN(C)CC3
50,HIGH_NOVEL,0.256,-11.1,0.7456,Cc1cc(N2CCN(C(=O)C3NCCC(CCCC(C)C)O3)CC2=O)cc2ccccc12
