smiles,来源runs,qed,sa,mw,logp,tpsa,hbd,hba,rings,murcko_scaffold,pdbqt_ready
CC(=O)N1CCN(CC(=O)N2CCC(n3ccc(C(=O)O)c3-c3ccsc3)CC2)CC1,D3_20260930_031649,0.7645,2.715,444.56,2.242,86.09,1,5,4,O=C(CN1CCNCC1)N1CCC(n2cccc2-c2ccsc2)CC1,True
CC(CC(F)(F)F)c1cc(C(F)(F)F)ccc1O,D3_20260930_033427,0.7875,2.92,272.19,4.467,20.23,1,1,1,c1ccccc1,True
CC1(F)CCC(=O)N(CCNc2nccc(-c3cccc(Cl)c3)n2)C1,D3_20260930_032242,0.8831,3.14,362.84,3.56,58.12,1,4,3,O=C1CCCCN1CCNc1nccc(-c2ccccc2)n1,True
CC1C=C(C2=C(C(=O)O)C=CC2=CCC2CCN3C(=O)C4CCCN4CC23)OCC1,D3_20260930_031649,0.7718,4.83,410.51,2.889,70.08,1,4,5,O=C1C2CCCN2CC2C(CC=C3C=CC=C3C3=CCCCO3)CCN12,True
CC1C=CC(c2c(C(=O)O)ccn2C2CCCC(C(=O)O)C2)=C1,D3_20260930_031649,0.8896,4.018,315.37,3.592,79.53,2,2,3,C1=CC(c2cccn2C2CCCCC2)=CC1,True
CC1CC(O)CC(CNCc2cccc(-c3ccccc3)c2)C1,D3_20260930_032242,0.8656,2.963,309.45,4.24,32.26,2,2,3,c1ccc(-c2cccc(CNCC3CCCCC3)c2)cc1,True
CC1CCCC2(C1)CN(CCNc1nccc(-c3cccc(Cl)c3)n1)CCN2,D3_20260930_032242,0.7934,3.87,399.97,4.063,53.08,2,5,4,c1ccc(-c2ccnc(NCCN3CCNC4(CCCCC4)C3)n2)cc1,True
CC1CCN(CC(=O)N2CCN(C(=O)c3cccc(Cl)c3)CC2)C1,D3_20260930_033927,0.8376,2.381,349.86,1.966,43.86,0,3,3,O=C(CN1CCCC1)N1CCN(C(=O)c2ccccc2)CC1,True
CC1CCOC(C2CCN(CCN(CCO)C(=O)c3cccc(Cl)c3)C2)CO1,D3_20260930_033927,0.7468,3.575,410.94,2.29,62.24,1,5,3,O=C(NCCN1CCC(C2COCCCO2)C1)c1ccccc1,True
CCC(C)C1CC(CC(=O)N2CCc3c(ccc4ccoc34)C2)CCC1=O,D3_20260930_033427,0.7842,3.906,367.49,4.739,50.52,0,3,4,O=C1CCC(CC(=O)N2CCc3c(ccc4ccoc34)C2)CC1,True
CCC(C)C1CC(CC(=O)N2CCc3c(cccc3OC)C2)CCC1=O,D3_20260930_033427,0.8,3.577,357.49,4.002,46.61,0,3,3,O=C1CCC(CC(=O)N2CCc3ccccc3C2)CC1,True
CCC1C(=O)NC(CN2CCN(C(=O)O)CC2)=C1c1cccc(Cl)c1,D3_20260930_032757,0.8617,3.08,363.85,2.503,72.88,2,3,3,O=C1CC(c2ccccc2)=C(CN2CCNCC2)N1,True
CCC1C(c2cccc(Cl)c2)=C(CN2CCN(C(=O)O)CC2)NC1O,D3_20260930_032757,0.7629,3.46,365.86,2.294,76.04,3,4,3,c1ccc(C2=C(CN3CCNCC3)NCC2)cc1,True
CCC1CN(CCNc2nccc(-c3cccc(Cl)c3)n2)C(=O)CO1,D3_20260930_032242,0.8575,2.97,360.85,2.846,67.35,1,5,3,O=C1COCCN1CCNc1nccc(-c2ccccc2)n1,True
CCC1CNC(CN2CCN(C(=O)O)CC2)=C1c1cccc(Cl)c1,D3_20260930_032757,0.8771,3.101,349.86,2.976,55.81,2,3,3,c1ccc(C2=C(CN3CCNCC3)NCC2)cc1,True
CCCC(C)C1CC(CCN(CCC)CCO)C=CC1=O,D3_20260930_033427,0.6722,4.049,295.47,3.278,40.54,1,3,1,O=C1C=CCCC1,True
CCCC(C)C1CC(CCNC(=O)Nc2ccccc2)C=CC1=O,D3_20260930_033427,0.7794,3.539,328.46,4.396,58.2,2,2,2,O=C1C=CC(CCNC(=O)Nc2ccccc2)CC1,True
CCCC(C)Cn1cc(-c2c(C)cccc2OC)ncc1=O,D3_20260930_033927,0.8174,2.975,300.4,3.664,44.12,0,3,2,O=c1cnc(-c2ccccc2)c[nH]1,True
CCCC1CCN(C(=O)CC2CCC(=O)C(C(C)CC)C2)C1,D3_20260930_033427,0.7419,3.76,307.48,4.057,37.38,0,2,2,O=C1CCC(CC(=O)N2CCCC2)CC1,True
CCCCC(=O)Nc1ccccc1OCC(F)(F)F,D3_20260930_033427,0.8581,1.838,275.27,3.756,38.33,1,2,1,c1ccccc1,True
CCCCC(C)CNc1cocc1C1NCCN1C,D3_20260930_031649,0.7947,3.933,265.4,3.051,40.44,2,4,2,c1cc(C2NCCN2)co1,True
CCCc1cccc(COc2ccc(CCN3CCN(C)CC3)c(F)c2)c1,D3_20260930_032757,0.6943,2.077,370.51,4.147,15.71,0,3,3,c1ccc(COc2ccc(CCN3CCNCC3)cc2)cc1,True
CCN(CCN1CCC(CNC(=O)c2ccccc2)CC1)C(=O)c1cccc(Cl)c1,D3_20260930_033927,0.6937,2.074,427.98,3.944,52.65,1,3,3,O=C(NCCN1CCC(CNC(=O)c2ccccc2)CC1)c1ccccc1,True
CCN(CCN1CCN(C(=O)CN2CCC(C)CC2)CC1)C(=O)c1cccc(Cl)c1,D3_20260930_033927,0.6616,2.223,435.01,2.678,47.1,0,4,3,O=C(NCCN1CCN(C(=O)CN2CCCCC2)CC1)c1ccccc1,True
CCN(CCN1CCN(C(=O)CN2CCN(C)CC2)CC1)C(=O)c1cccc(Cl)c1,D3_20260930_033927,0.6437,2.216,436.0,1.194,50.34,0,5,3,O=C(NCCN1CCN(C(=O)CN2CCNCC2)CC1)c1ccccc1,True
CCN(CCN1CCN2C(CC3CC(C(=O)O)=CCC32)C1)C(=O)c1cccc(Cl)c1,D3_20260930_033927,0.7497,3.812,431.96,2.982,64.09,1,4,4,O=C(NCCN1CCN2C(CC3CC=CCC32)C1)c1ccccc1,True
CCN(CCN1CCOCC1)C(=O)c1cccc(Cl)c1,D3_20260930_033927,0.8344,1.96,296.8,2.134,32.78,0,3,2,O=C(NCCN1CCOCC1)c1ccccc1,True
CCN(CCO)C(=O)Nc1cccc(-c2cccc(Cl)c2)c1,D3_20260930_032242,0.8794,1.918,318.8,3.853,52.57,2,2,2,c1ccc(-c2ccccc2)cc1,True
CCc1c[nH]c(C(=O)CCO)c1-c1cccc(Cl)c1,D3_20260930_032757,0.8225,2.56,277.75,3.463,53.09,2,2,2,c1ccc(-c2cc[nH]c2)cc1,True
CCc1c[nH]c(CN2CCN(C(=O)CN3CCC(C)(C)C3)CC2)c1-c1cccc(Cl)c1,D3_20260930_032757,0.7258,2.731,443.04,4.274,42.58,1,3,4,O=C(CN1CCCC1)N1CCN(Cc2[nH]ccc2-c2ccccc2)CC1,True
CCc1c[nH]c(CN2CCN(C(=O)CN3CCC(O)CC3)CC2)c1-c1cccc(Cl)c1,D3_20260930_032757,0.7186,2.602,445.01,2.998,62.81,2,4,4,O=C(CN1CCCCC1)N1CCN(Cc2[nH]ccc2-c2ccccc2)CC1,True
CCc1c[nH]c(CN2CCN(C)CC2)c1-c1cccc(Cl)c1,D3_20260930_032757,0.9297,2.411,317.86,3.645,22.27,1,2,3,c1ccc(-c2cc[nH]c2CN2CCNCC2)cc1,True
CCc1c[nH]c(CN2CCN3C(=O)C(O)C(C(C)C)OC3C2)c1-c1cccc(Cl)c1,D3_20260930_032757,0.7618,4.065,431.96,3.284,68.8,2,4,4,O=C1CCOC2CN(Cc3[nH]ccc3-c3ccccc3)CCN12,True
CCc1ncnc(CN2CCN(C(=O)O)CC2)c1-c1cccc(Cl)c1,D3_20260930_032757,0.9065,2.436,360.85,3.155,69.56,1,4,3,c1ccc(-c2cncnc2CN2CCNCC2)cc1,True
CN1CC(CCC(=O)O)C=C1C(=O)Nc1cccc(-c2cccc(Cl)c2)c1,D3_20260930_032242,0.7804,3.045,384.86,4.256,69.64,2,3,3,O=C(Nc1cccc(-c2ccccc2)c1)C1=CCCN1,True
CN1CCC(CN2CCCN(C(=O)c3cccc(Cl)c3)CC2)C1,D3_20260930_033927,0.8486,2.47,335.88,2.44,26.79,0,3,3,O=C(c1ccccc1)N1CCCN(CC2CCNC2)CC1,True
CN1CCC(Oc2cccc(-c3cccc(Cl)c3)c2)C(O)C1CO,D3_20260930_031649,0.8926,3.323,347.84,2.812,52.93,2,4,3,c1ccc(-c2cccc(OC3CCNCC3)c2)cc1,True
CN1CCN(CC(=O)N2CCC(n3ccc(C(=O)O)c3-c3ccsc3)CC2)CC1,D3_20260930_031649,0.8103,2.694,416.55,2.326,69.02,1,5,4,O=C(CN1CCNCC1)N1CCC(n2cccc2-c2ccsc2)CC1,True
CN1CCN(CC(=O)N2CCCN(Cc3ncccc3-c3cccc(Cl)c3)CC2)CC1,D3_20260930_032757,0.7133,2.328,442.01,2.684,42.92,0,5,4,O=C(CN1CCNCC1)N1CCCN(Cc2ncccc2-c2ccccc2)CC1,True
CN1CCN(CCc2ccc(OCC(=O)NC3OCCOC3(F)F)cc2F)CC1,D3_20260930_032757,0.7165,3.382,417.43,1.076,63.27,1,6,3,O=C(COc1ccc(CCN2CCNCC2)cc1)NC1COCCO1,True
CN1CCN(CCc2ccc(OCc3cccc(C(F)(F)F)c3)cc2F)CC1,D3_20260930_032757,0.6806,2.145,396.43,4.213,15.71,0,3,3,c1ccc(COc2ccc(CCN3CCNCC3)cc2)cc1,True
CNC1=NCCN(C(=O)c2cccc(Cl)c2)CC1,D3_20260930_033927,0.8417,2.371,265.74,1.804,44.7,1,3,2,O=C(c1ccccc1)N1CCC=NCC1,True
COC(=O)CCC1C=C(C(=O)Nc2cccc(-c3cccc(Cl)c3)c2)N(C)C1,D3_20260930_032242,0.735,3.069,398.89,4.344,58.64,1,4,3,O=C(Nc1cccc(-c2ccccc2)c1)C1=CCCN1,True
COC(=O)N1CCN(C(=O)c2cccc(Cl)c2)CC1,D3_20260930_033927,0.79,1.743,282.73,1.864,49.85,0,3,2,O=C(c1ccccc1)N1CCNCC1,True
COC(=O)NC(c1cccc(Cl)c1)C(C)CO,D3_20260930_032242,0.8706,2.981,257.72,2.366,58.56,2,3,1,c1ccccc1,True
COC1=NC2=CCCN2C(COc2ccc(CCC(=O)NC(=O)CCO)c(F)c2)=C1C,D3_20260930_032757,0.6535,3.332,431.46,2.042,100.46,2,7,3,C1=NC2=CCCN2C(COc2ccccc2)=C1,True
COC1=NC2=CCCN2C(COc2ccc(CCC(=O)NCCO)c(F)c2)=C1C,D3_20260930_032757,0.6949,3.214,403.45,2.125,83.39,2,6,3,C1=NC2=CCCN2C(COc2ccccc2)=C1,True
COCCC(NC(=O)c1coc(C)c1)C(F)(F)F,D3_20260930_033427,0.8882,3.3,265.23,2.285,51.47,1,3,1,c1ccoc1,True
COc1cc2c(cc1F)CCN(C(=O)c1cccc(Cl)c1)CCCO2,D3_20260930_033927,0.8104,2.554,363.82,3.955,38.77,0,3,3,O=C(c1ccccc1)N1CCCOc2ccccc2CC1,True
Cc1cc(C(=O)N2CC(CO)OC2C(F)(F)F)co1,D3_20260930_033427,0.8863,4.065,279.21,1.31,62.91,1,4,2,O=C(c1ccoc1)N1CCOC1,True
Cc1cc(C(=O)N2CCCCC2C(F)(F)F)co1,D3_20260930_033427,0.7777,3.18,261.24,3.145,33.45,0,2,2,O=C(c1ccoc1)N1CCCCC1,True
Cc1ccccc1CC(O)CCN1CCCC2OC(CC(=O)NC3CCCC3)CCC21,D3_20260930_032757,0.662,3.654,428.62,3.749,61.8,2,4,4,O=C(CC1CCC2C(CCCN2CCCCc2ccccc2)O1)NC1CCCC1,True
Cc1ccccc1CC(O)CCN1CCCC2OC(CCN3CCC(O)C3)CCC21,D3_20260930_032757,0.6825,3.883,416.61,2.757,56.17,2,5,4,c1ccc(CCCCN2CCCC3OC(CCN4CCCC4)CCC32)cc1,True
Cc1ccccc1CC(O)CCN1CCCC2OC(CCN3CCOCC3)CCC21,D3_20260930_032757,0.7058,3.683,416.61,3.023,45.17,1,5,4,c1ccc(CCCCN2CCCC3OC(CCN4CCOCC4)CCC32)cc1,True
Cc1ccccc1CC(O)CCN1CCCC2OCCCC21,D3_20260930_032757,0.9076,3.238,303.45,2.932,32.7,1,3,3,c1ccc(CCCCN2CCCC3OCCCC32)cc1,True
Cc1ccccc1CC(O)CCN1CCCC2Oc3cccc(C)c3CC21,D3_20260930_032757,0.8671,3.466,365.52,4.065,32.7,1,3,4,c1ccc(CCCCN2CCCC3Oc4ccccc4CC32)cc1,True
Cc1ccccc1CC(O)CCN1CCCC2Oc3ccccc3CC21,D3_20260930_032757,0.8903,3.306,351.49,3.757,32.7,1,3,4,c1ccc(CCCCN2CCCC3Oc4ccccc4CC32)cc1,True
Cc1ccccc1CC(O)CCN1CCCCC1CO,D3_20260930_032757,0.837,2.875,277.41,2.135,43.7,2,3,2,c1ccc(CCCCN2CCCCC2)cc1,True
Clc1cccc(-c2cccc(OC3=CC=CCO3)c2)c1,D3_20260930_031649,0.8048,2.528,284.74,4.814,18.46,0,2,3,C1=CCOC(Oc2cccc(-c3ccccc3)c2)=C1,True
Clc1cccc(-c2ccnc(NCCN3CCNC4(CCCCC4)C3)n2)c1,D3_20260930_032242,0.819,3.05,385.94,3.817,53.08,2,5,4,c1ccc(-c2ccnc(NCCN3CCNC4(CCCCC4)C3)n2)cc1,True
Clc1cccc(-c2ccnc(NCCN3CCNC4(CCNCC4)C3)n2)c1,D3_20260930_032242,0.732,3.224,386.93,2.236,65.11,3,6,4,c1ccc(-c2ccnc(NCCN3CCNC4(CCNCC4)C3)n2)cc1,True
Clc1cccc(-c2ccnc(NCCN3CCNCC3)n2)c1,D3_20260930_032242,0.8844,2.214,317.82,2.114,53.08,2,5,3,c1ccc(-c2ccnc(NCCN3CCNCC3)n2)cc1,True
Clc1cccc(-c2ccnc(NCCN3CCOCC3)n2)c1,D3_20260930_032242,0.9178,2.104,318.81,2.541,50.28,1,5,3,c1ccc(-c2ccnc(NCCN3CCOCC3)n2)cc1,True
Clc1cccc(-c2ccnc(Nc3ccccc3)n2)c1,D3_20260930_032242,0.7657,1.736,281.75,4.541,37.81,1,3,3,c1ccc(Nc2nccc(-c3ccccc3)n2)cc1,True
Cn1c(=O)n(CC2COCCO2)c2cc(O)c(OC3CCOCC3)cc21,D3_20260930_033427,0.8721,3.294,364.4,1.019,84.08,1,6,4,O=c1[nH]c2cc(OC3CCOCC3)ccc2n1CC1COCCO1,True
NC1CC(Oc2cccc(-c3cccc(Cl)c3)c2)CC1CN1CCN2CCCC2C1,D3_20260930_031649,0.7762,3.601,426.0,4.272,41.73,1,4,5,c1ccc(-c2cccc(OC3CCC(CN4CCN5CCCC5C4)C3)c2)cc1,True
NC1CC(Oc2cccc(-c3cccc(Cl)c3)c2)CC1CN1CCOCC1,D3_20260930_031649,0.848,3.32,386.92,3.824,47.72,1,4,4,c1ccc(-c2cccc(OC3CCC(CN4CCOCC4)C3)c2)cc1,True
O=C(CCCN1CN(C(=O)c2cccc(Cl)c2)Cc2ccccc21)N1CC(O)C(O)C1,D3_20260930_031649,0.739,3.321,443.93,2.104,84.32,2,5,4,O=C(CCCN1CN(C(=O)c2ccccc2)Cc2ccccc21)N1CCCC1,True
O=C(CN1CCCC(CO)C1)N1CCN(C(=O)c2cccc(Cl)c2)CC1,D3_20260930_033927,0.8568,2.5,379.89,1.329,64.09,1,4,3,O=C(CN1CCCCC1)N1CCN(C(=O)c2ccccc2)CC1,True
O=C(CN1CCCC(O)C1)N1CCCN(Cc2ncccc2-c2cccc(Cl)c2)CC1,D3_20260930_032757,0.7711,2.847,442.99,2.893,59.91,1,5,4,O=C(CN1CCCCC1)N1CCCN(Cc2ncccc2-c2ccccc2)CC1,True
O=C(CN1CCCC1)N1CCCN(Cc2ncccc2-c2cccc(Cl)c2)CC1,D3_20260930_032757,0.7527,2.245,412.97,3.532,39.68,0,4,4,O=C(CN1CCCC1)N1CCCN(Cc2ncccc2-c2ccccc2)CC1,True
O=C(CN1CCCC1)N1CCN(C(=O)c2cccc(Cl)c2)CC1,D3_20260930_033927,0.8445,1.825,335.84,1.72,43.86,0,3,3,O=C(CN1CCCC1)N1CCN(C(=O)c2ccccc2)CC1,True
O=C(CN1CCOCC1)N1CCCN(Cc2ncccc2-c2cccc(Cl)c2)CC1,D3_20260930_032757,0.7325,2.315,428.96,2.769,48.91,0,5,4,O=C(CN1CCOCC1)N1CCCN(Cc2ncccc2-c2ccccc2)CC1,True
O=C(COCN1CCCN(C(=O)c2cccc(Cl)c2)CC1)NCC(=O)N1CCCC1,D3_20260930_033927,0.6942,2.323,436.94,1.201,82.19,1,5,3,O=C(COCN1CCCN(C(=O)c2ccccc2)CC1)NCC(=O)N1CCCC1,True
O=C(COCN1CCCN(C(=O)c2cccc(Cl)c2)CC1)NCc1ccccc1F,D3_20260930_033927,0.729,2.219,433.91,2.918,61.88,1,4,3,O=C(COCN1CCCN(C(=O)c2ccccc2)CC1)NCc1ccccc1,True
O=C(Cc1cccc(=O)[nH]1)N1CCCN(Cc2ncccc2-c2cccc(Cl)c2)CC1,D3_20260930_032757,0.6654,2.538,436.94,3.367,69.3,1,4,4,O=C(Cc1cccc(=O)[nH]1)N1CCCN(Cc2ncccc2-c2ccccc2)CC1,True
O=C(Cc1ccccn1)N1CCCN(Cc2ncccc2-c2cccc(Cl)c2)CC1,D3_20260930_032757,0.6238,2.299,420.94,4.074,49.33,0,4,4,O=C(Cc1ccccn1)N1CCCN(Cc2ncccc2-c2ccccc2)CC1,True
O=C(O)C1=CC=CC1CNC(=O)N1CCC(n2ccc(C(=O)O)c2-c2ccsc2)CC1,D3_20260930_031649,0.6356,3.693,441.51,3.458,111.87,3,4,4,O=C(NCC1C=CC=C1)N1CCC(n2cccc2-c2ccsc2)CC1,True
O=C(O)C1CCCN(CC(=O)N2CCN(C(=O)c3cccc(Cl)c3)CC2)C1,D3_20260930_033927,0.8363,2.481,393.87,1.421,81.16,1,4,3,O=C(CN1CCCCC1)N1CCN(C(=O)c2ccccc2)CC1,True
O=C(O)CN1CCCN(c2nccc(-c3cccc(Cl)c3)n2)C(O)C1,D3_20260930_032242,0.8553,2.984,362.82,1.712,89.79,2,6,3,c1ccc(-c2ccnc(N3CCCNCC3)n2)cc1,True
O=C(O)c1ccn(C2CCCC(C(=O)O)C2)c1-c1ccsc1,D3_20260930_031649,0.8996,3.445,319.38,3.731,79.53,2,3,3,c1cc(-c2ccsc2)n(C2CCCCC2)c1,True
O=C(O)c1ccn(C2CCCCC2)c1-c1ccsc1,D3_20260930_031649,0.9006,2.576,275.37,4.42,42.23,1,2,3,c1cc(-c2ccsc2)n(C2CCCCC2)c1,True
O=C(O)c1ccn(C2CCN(C(=O)CC3CC(O)CN3)CC2)c1-c1ccsc1,D3_20260930_031649,0.7114,3.729,403.5,2.191,94.8,3,5,4,O=C(CC1CCCN1)N1CCC(n2cccc2-c2ccsc2)CC1,True
O=C(O)c1ccn(C2CCN(C(=O)CN3CCN(CCO)CC3)CC2)c1-c1ccsc1,D3_20260930_031649,0.6729,2.742,446.57,1.688,89.25,2,6,4,O=C(CN1CCNCC1)N1CCC(n2cccc2-c2ccsc2)CC1,True
O=C(O)c1ccn(C2CCN(C(=O)NCc3ccccc3F)CC2)c1-c1ccsc1,D3_20260930_031649,0.6249,2.641,427.5,4.601,74.57,2,3,4,O=C(NCc1ccccc1)N1CCC(n2cccc2-c2ccsc2)CC1,True
O=C(O)c1ccn(C2CCN3C(=O)CN4C(O)=CC=CC4CC3C2)c1-c1ccsc1,D3_20260930_031649,0.7863,4.437,425.51,3.49,86.01,2,5,5,O=C1CN2C=CC=CC2CC2CC(n3cccc3-c3ccsc3)CCN12,True
O=C(O)c1ccn(C2CCN3C(=O)CN4C(O)C=CC(=O)C4CC3C2)c1-c1ccsc1,D3_20260930_031649,0.7551,4.586,441.51,1.979,103.08,2,6,5,O=C1C=CCN2CC(=O)N3CCC(n4cccc4-c4ccsc4)CC3CC12,True
O=C(O)c1ccn(C2CCN3C(=O)CN4C(O)CCCC4CC3C2)c1-c1ccsc1,D3_20260930_031649,0.7834,4.345,429.54,3.024,86.01,2,5,5,O=C1CN2CCCCC2CC2CC(n3cccc3-c3ccsc3)CCN12,True
O=C(c1cccc(Cl)c1)N1CCC2CCC(F)C21,D3_20260930_033927,0.7645,3.285,267.73,3.303,20.31,0,1,3,O=C(c1ccccc1)N1CCC2CCCC21,True
O=C(c1cccc(Cl)c1)N1CCCC(CCO)C1,D3_20260930_033927,0.9145,2.333,267.76,2.575,40.54,1,2,2,O=C(c1ccccc1)N1CCCCC1,True
O=C(c1cccc(Cl)c1)N1CCCOCCOC(CO)CC1,D3_20260930_033927,0.902,3.06,327.81,1.97,59.0,1,4,2,O=C(c1ccccc1)N1CCCOCCOCCC1,True
O=C(c1cccc(Cl)c1)N1CCN=C(Nc2ccccc2)CC1,D3_20260930_033927,0.9138,2.147,327.82,3.697,44.7,1,3,3,O=C(c1ccccc1)N1CCN=C(Nc2ccccc2)CC1,True
O=C(c1cccc(Cl)c1)N1Cc2ccccc2N(CCCO)C1,D3_20260930_031649,0.9363,2.272,330.82,3.142,43.78,1,3,3,O=C(c1ccccc1)N1CNc2ccccc2C1,True
O=C(c1cccc(Cl)c1)N1Cc2ccccc2N(CCO)C1,D3_20260930_031649,0.9467,2.266,316.79,2.752,43.78,1,3,3,O=C(c1ccccc1)N1CNc2ccccc2C1,True
O=C1CC(O)N2CC(=O)N3CCC(n4ccc(C(=O)O)c4-c4ccsc4)CC3CC2C1,D3_20260930_031649,0.754,4.524,443.53,2.203,103.08,2,6,5,O=C1CCN2CC(=O)N3CCC(n4cccc4-c4ccsc4)CC3CC2C1,True
O=C1CCC(O)CN1CCNc1nccc(-c2cccc(Cl)c2)n1,D3_20260930_032242,0.8673,2.826,346.82,2.192,78.35,2,5,3,O=C1CCCCN1CCNc1nccc(-c2ccccc2)n1,True
O=C1COC(CO)CN1CCNc1nccc(-c2cccc(Cl)c2)n1,D3_20260930_032242,0.8079,3.014,362.82,1.429,87.58,2,6,3,O=C1COCCN1CCNc1nccc(-c2ccccc2)n1,True
O=C1COCCCN(C(=O)c2cccc(Cl)c2)CCCN1,D3_20260930_033927,0.8588,2.638,310.78,1.709,58.64,1,3,2,O=C1COCCCN(C(=O)c2ccccc2)CCCN1,True
O=C1Cc2ccccc2CN1CCNc1nccc(-c2cccc(Cl)c2)n1,D3_20260930_032242,0.7334,2.368,378.86,3.794,58.12,1,4,4,O=C1Cc2ccccc2CN1CCNc1nccc(-c2ccccc2)n1,True
OC12CC(Oc3cccc(-c4cccc(Cl)c4)c3)CC1CN1CCCC1C2,D3_20260930_031649,0.8286,3.737,383.92,4.764,32.7,1,3,5,c1ccc(-c2cccc(OC3CC4CC5CCCN5CC4C3)c2)cc1,True
OC12COCC1OC1Oc3cccc(-c4cccc(Cl)c4)c3OC1C2,D3_20260930_031649,0.8468,4.195,360.79,3.023,57.15,1,5,5,c1ccc(-c2cccc3c2OC2CC4COCC4OC2O3)cc1,True
OC1=CC=C(Oc2cccc(-c3cccc(Cl)c3)c2)OC1,D3_20260930_031649,0.8927,2.733,300.74,4.699,38.69,1,3,3,C1=CCOC(Oc2cccc(-c3ccccc3)c2)=C1,True
OCC(COc1ccc(C2CCC(N3CCCC3)C2)c(F)c1)N1CCC(O)C1,D3_20260930_032757,0.7462,3.731,392.52,2.364,56.17,2,5,4,c1cc(C2CCC(N3CCCC3)C2)ccc1OCCN1CCCC1,True
OCC1CN(CCNc2nccc(-c3cccc(Cl)c3)n2)CCN1,D3_20260930_032242,0.7347,2.911,347.85,1.475,73.31,3,6,3,c1ccc(-c2ccnc(NCCN3CCNCC3)n2)cc1,True
OCCN1CCC2(O)CC(Oc3cccc(-c4cccc(Cl)c4)c3)CC2C1,D3_20260930_031649,0.8227,3.481,387.91,3.594,52.93,2,4,4,c1ccc(-c2cccc(OC3CC4CCNCC4C3)c2)cc1,True
c1ccc2c(c1)C1CCOC1N2CC1COCCO1,D3_20260930_033427,0.8113,3.762,261.32,1.752,30.93,0,4,4,c1ccc2c(c1)C1CCOC1N2CC1COCCO1,True
