smiles,vina_kcal,receptor,center,exhaustiveness
OC12CC(Oc3cccc(-c4cccc(Cl)c4)c3)CC1CN1CCCC1C2,-10.63,3PBL_D3多巴胺受体.pdb,"0.090,-14.830,10.430",4
NC1CC(Oc2cccc(-c3cccc(Cl)c3)c2)CC1CN1CCN2CCCC2C1,-10.4,3PBL_D3多巴胺受体.pdb,"0.090,-14.830,10.430",4
O=C(Cc1ccccn1)N1CCCN(Cc2ncccc2-c2cccc(Cl)c2)CC1,-10.39,3PBL_D3多巴胺受体.pdb,"0.090,-14.830,10.430",4
CCc1c[nH]c(CN2CCN(C(=O)CN3CCC(C)(C)C3)CC2)c1-c1cccc(Cl)c1,-10.29,3PBL_D3多巴胺受体.pdb,"0.090,-14.830,10.430",4
O=C1Cc2ccccc2CN1CCNc1nccc(-c2cccc(Cl)c2)n1,-10.15,3PBL_D3多巴胺受体.pdb,"0.090,-14.830,10.430",4
Clc1cccc(-c2ccnc(NCCN3CCNC4(CCCCC4)C3)n2)c1,-10.09,3PBL_D3多巴胺受体.pdb,"0.090,-14.830,10.430",4
CC1CCCC2(C1)CN(CCNc1nccc(-c3cccc(Cl)c3)n1)CCN2,-9.99,3PBL_D3多巴胺受体.pdb,"0.090,-14.830,10.430",4
CC1C=C(C2=C(C(=O)O)C=CC2=CCC2CCN3C(=O)C4CCCN4CC23)OCC1,-9.99,3PBL_D3多巴胺受体.pdb,"0.090,-14.830,10.430",4
Clc1cccc(-c2ccnc(NCCN3CCNC4(CCNCC4)C3)n2)c1,-9.95,3PBL_D3多巴胺受体.pdb,"0.090,-14.830,10.430",4
OCCN1CCC2(O)CC(Oc3cccc(-c4cccc(Cl)c4)c3)CC2C1,-9.86,3PBL_D3多巴胺受体.pdb,"0.090,-14.830,10.430",4
CN1CCN(CCc2ccc(OCc3cccc(C(F)(F)F)c3)cc2F)CC1,-9.83,3PBL_D3多巴胺受体.pdb,"0.090,-14.830,10.430",4
CCc1c[nH]c(CN2CCN(C(=O)CN3CCC(O)CC3)CC2)c1-c1cccc(Cl)c1,-9.76,3PBL_D3多巴胺受体.pdb,"0.090,-14.830,10.430",4
CCC(C)C1CC(CC(=O)N2CCc3c(ccc4ccoc34)C2)CCC1=O,-9.76,3PBL_D3多巴胺受体.pdb,"0.090,-14.830,10.430",4
O=C(O)c1ccn(C2CCN(C(=O)NCc3ccccc3F)CC2)c1-c1ccsc1,-9.75,3PBL_D3多巴胺受体.pdb,"0.090,-14.830,10.430",4
CCN(CCN1CCN2C(CC3CC(C(=O)O)=CCC32)C1)C(=O)c1cccc(Cl)c1,-9.67,3PBL_D3多巴胺受体.pdb,"0.090,-14.830,10.430",4
CN1CC(CCC(=O)O)C=C1C(=O)Nc1cccc(-c2cccc(Cl)c2)c1,-9.6,3PBL_D3多巴胺受体.pdb,"0.090,-14.830,10.430",4
Cc1ccccc1CC(O)CCN1CCCC2OC(CC(=O)NC3CCCC3)CCC21,-9.55,3PBL_D3多巴胺受体.pdb,"0.090,-14.830,10.430",4
CC1(F)CCC(=O)N(CCNc2nccc(-c3cccc(Cl)c3)n2)C1,-9.54,3PBL_D3多巴胺受体.pdb,"0.090,-14.830,10.430",4
Cc1ccccc1CC(O)CCN1CCCC2Oc3cccc(C)c3CC21,-9.51,3PBL_D3多巴胺受体.pdb,"0.090,-14.830,10.430",4
O=C(Cc1cccc(=O)[nH]1)N1CCCN(Cc2ncccc2-c2cccc(Cl)c2)CC1,-9.48,3PBL_D3多巴胺受体.pdb,"0.090,-14.830,10.430",4
COC(=O)CCC1C=C(C(=O)Nc2cccc(-c3cccc(Cl)c3)c2)N(C)C1,-9.46,3PBL_D3多巴胺受体.pdb,"0.090,-14.830,10.430",4
CCC1CNC(CN2CCN(C(=O)O)CC2)=C1c1cccc(Cl)c1,-9.45,3PBL_D3多巴胺受体.pdb,"0.090,-14.830,10.430",4
OC12COCC1OC1Oc3cccc(-c4cccc(Cl)c4)c3OC1C2,-9.45,3PBL_D3多巴胺受体.pdb,"0.090,-14.830,10.430",4
CCC(C)C1CC(CC(=O)N2CCc3c(cccc3OC)C2)CCC1=O,-9.43,3PBL_D3多巴胺受体.pdb,"0.090,-14.830,10.430",4
O=C(c1cccc(Cl)c1)N1CCN=C(Nc2ccccc2)CC1,-9.39,3PBL_D3多巴胺受体.pdb,"0.090,-14.830,10.430",4
COC1=NC2=CCCN2C(COc2ccc(CCC(=O)NC(=O)CCO)c(F)c2)=C1C,-9.39,3PBL_D3多巴胺受体.pdb,"0.090,-14.830,10.430",4
O=C(COCN1CCCN(C(=O)c2cccc(Cl)c2)CC1)NCc1ccccc1F,-9.38,3PBL_D3多巴胺受体.pdb,"0.090,-14.830,10.430",4
NC1CC(Oc2cccc(-c3cccc(Cl)c3)c2)CC1CN1CCOCC1,-9.34,3PBL_D3多巴胺受体.pdb,"0.090,-14.830,10.430",4
CCCc1cccc(COc2ccc(CCN3CCN(C)CC3)c(F)c2)c1,-9.34,3PBL_D3多巴胺受体.pdb,"0.090,-14.830,10.430",4
CCN(CCN1CCC(CNC(=O)c2ccccc2)CC1)C(=O)c1cccc(Cl)c1,-9.31,3PBL_D3多巴胺受体.pdb,"0.090,-14.830,10.430",4
CCC1C(c2cccc(Cl)c2)=C(CN2CCN(C(=O)O)CC2)NC1O,-9.28,3PBL_D3多巴胺受体.pdb,"0.090,-14.830,10.430",4
O=C(CN1CCOCC1)N1CCCN(Cc2ncccc2-c2cccc(Cl)c2)CC1,-9.27,3PBL_D3多巴胺受体.pdb,"0.090,-14.830,10.430",4
O=C(O)C1=CC=CC1CNC(=O)N1CCC(n2ccc(C(=O)O)c2-c2ccsc2)CC1,-9.25,3PBL_D3多巴胺受体.pdb,"0.090,-14.830,10.430",4
O=C1CCC(O)CN1CCNc1nccc(-c2cccc(Cl)c2)n1,-9.22,3PBL_D3多巴胺受体.pdb,"0.090,-14.830,10.430",4
CN1CCN(CCc2ccc(OCC(=O)NC3OCCOC3(F)F)cc2F)CC1,-9.21,3PBL_D3多巴胺受体.pdb,"0.090,-14.830,10.430",4
O=C1COC(CO)CN1CCNc1nccc(-c2cccc(Cl)c2)n1,-9.11,3PBL_D3多巴胺受体.pdb,"0.090,-14.830,10.430",4
CC1CC(O)CC(CNCc2cccc(-c3ccccc3)c2)C1,-9.11,3PBL_D3多巴胺受体.pdb,"0.090,-14.830,10.430",4
CN1CCN(CC(=O)N2CCC(n3ccc(C(=O)O)c3-c3ccsc3)CC2)CC1,-9.09,3PBL_D3多巴胺受体.pdb,"0.090,-14.830,10.430",4
Cc1ccccc1CC(O)CCN1CCCC2OC(CCN3CCOCC3)CCC21,-9.08,3PBL_D3多巴胺受体.pdb,"0.090,-14.830,10.430",4
Cc1ccccc1CC(O)CCN1CCCC2OC(CCN3CCC(O)C3)CCC21,-9.06,3PBL_D3多巴胺受体.pdb,"0.090,-14.830,10.430",4
OCC(COc1ccc(C2CCC(N3CCCC3)C2)c(F)c1)N1CCC(O)C1,-9.04,3PBL_D3多巴胺受体.pdb,"0.090,-14.830,10.430",4
O=C(CN1CCCC1)N1CCCN(Cc2ncccc2-c2cccc(Cl)c2)CC1,-9.03,3PBL_D3多巴胺受体.pdb,"0.090,-14.830,10.430",4
CCC1CN(CCNc2nccc(-c3cccc(Cl)c3)n2)C(=O)CO1,-9.02,3PBL_D3多巴胺受体.pdb,"0.090,-14.830,10.430",4
O=C(O)C1CCCN(CC(=O)N2CCN(C(=O)c3cccc(Cl)c3)CC2)C1,-8.99,3PBL_D3多巴胺受体.pdb,"0.090,-14.830,10.430",4
COc1cc2c(cc1F)CCN(C(=O)c1cccc(Cl)c1)CCCO2,-8.95,3PBL_D3多巴胺受体.pdb,"0.090,-14.830,10.430",4
OCC1CN(CCNc2nccc(-c3cccc(Cl)c3)n2)CCN1,-8.88,3PBL_D3多巴胺受体.pdb,"0.090,-14.830,10.430",4
CC(=O)N1CCN(CC(=O)N2CCC(n3ccc(C(=O)O)c3-c3ccsc3)CC2)CC1,-8.87,3PBL_D3多巴胺受体.pdb,"0.090,-14.830,10.430",4
CCCC(C)C1CC(CCNC(=O)Nc2ccccc2)C=CC1=O,-8.85,3PBL_D3多巴胺受体.pdb,"0.090,-14.830,10.430",4
CN1CCN(CC(=O)N2CCCN(Cc3ncccc3-c3cccc(Cl)c3)CC2)CC1,-8.83,3PBL_D3多巴胺受体.pdb,"0.090,-14.830,10.430",4
Clc1cccc(-c2cccc(OC3=CC=CCO3)c2)c1,-8.83,3PBL_D3多巴胺受体.pdb,"0.090,-14.830,10.430",4
O=C(COCN1CCCN(C(=O)c2cccc(Cl)c2)CC1)NCC(=O)N1CCCC1,-8.82,3PBL_D3多巴胺受体.pdb,"0.090,-14.830,10.430",4
Clc1cccc(-c2ccnc(Nc3ccccc3)n2)c1,-8.81,3PBL_D3多巴胺受体.pdb,"0.090,-14.830,10.430",4
CN1CCC(Oc2cccc(-c3cccc(Cl)c3)c2)C(O)C1CO,-8.8,3PBL_D3多巴胺受体.pdb,"0.090,-14.830,10.430",4
COC1=NC2=CCCN2C(COc2ccc(CCC(=O)NCCO)c(F)c2)=C1C,-8.79,3PBL_D3多巴胺受体.pdb,"0.090,-14.830,10.430",4
O=C(CN1CCCC(CO)C1)N1CCN(C(=O)c2cccc(Cl)c2)CC1,-8.68,3PBL_D3多巴胺受体.pdb,"0.090,-14.830,10.430",4
CCN(CCN1CCN(C(=O)CN2CCN(C)CC2)CC1)C(=O)c1cccc(Cl)c1,-8.67,3PBL_D3多巴胺受体.pdb,"0.090,-14.830,10.430",4
OC1=CC=C(Oc2cccc(-c3cccc(Cl)c3)c2)OC1,-8.67,3PBL_D3多巴胺受体.pdb,"0.090,-14.830,10.430",4
CN1CCC(CN2CCCN(C(=O)c3cccc(Cl)c3)CC2)C1,-8.66,3PBL_D3多巴胺受体.pdb,"0.090,-14.830,10.430",4
Clc1cccc(-c2ccnc(NCCN3CCNCC3)n2)c1,-8.61,3PBL_D3多巴胺受体.pdb,"0.090,-14.830,10.430",4
CCN(CCN1CCN(C(=O)CN2CCC(C)CC2)CC1)C(=O)c1cccc(Cl)c1,-8.56,3PBL_D3多巴胺受体.pdb,"0.090,-14.830,10.430",4
O=C(O)CN1CCCN(c2nccc(-c3cccc(Cl)c3)n2)C(O)C1,-8.55,3PBL_D3多巴胺受体.pdb,"0.090,-14.830,10.430",4
CC1CCN(CC(=O)N2CCN(C(=O)c3cccc(Cl)c3)CC2)C1,-8.53,3PBL_D3多巴胺受体.pdb,"0.090,-14.830,10.430",4
O=C(CCCN1CN(C(=O)c2cccc(Cl)c2)Cc2ccccc21)N1CC(O)C(O)C1,-8.52,3PBL_D3多巴胺受体.pdb,"0.090,-14.830,10.430",4
O=C(c1cccc(Cl)c1)N1CCCOCCOC(CO)CC1,-8.51,3PBL_D3多巴胺受体.pdb,"0.090,-14.830,10.430",4
O=C(O)c1ccn(C2CCN(C(=O)CC3CC(O)CN3)CC2)c1-c1ccsc1,-8.49,3PBL_D3多巴胺受体.pdb,"0.090,-14.830,10.430",4
CCc1ncnc(CN2CCN(C(=O)O)CC2)c1-c1cccc(Cl)c1,-8.47,3PBL_D3多巴胺受体.pdb,"0.090,-14.830,10.430",4
O=C(CN1CCCC(O)C1)N1CCCN(Cc2ncccc2-c2cccc(Cl)c2)CC1,-8.39,3PBL_D3多巴胺受体.pdb,"0.090,-14.830,10.430",4
O=C(c1cccc(Cl)c1)N1Cc2ccccc2N(CCCO)C1,-8.33,3PBL_D3多巴胺受体.pdb,"0.090,-14.830,10.430",4
CCc1c[nH]c(CN2CCN3C(=O)C(O)C(C(C)C)OC3C2)c1-c1cccc(Cl)c1,-8.32,3PBL_D3多巴胺受体.pdb,"0.090,-14.830,10.430",4
CC(CC(F)(F)F)c1cc(C(F)(F)F)ccc1O,-8.29,3PBL_D3多巴胺受体.pdb,"0.090,-14.830,10.430",4
O=C(O)c1ccn(C2CCN3C(=O)CN4C(O)=CC=CC4CC3C2)c1-c1ccsc1,-8.26,3PBL_D3多巴胺受体.pdb,"0.090,-14.830,10.430",4
CCN(CCO)C(=O)Nc1cccc(-c2cccc(Cl)c2)c1,-8.25,3PBL_D3多巴胺受体.pdb,"0.090,-14.830,10.430",4
O=C(O)c1ccn(C2CCN(C(=O)CN3CCN(CCO)CC3)CC2)c1-c1ccsc1,-8.24,3PBL_D3多巴胺受体.pdb,"0.090,-14.830,10.430",4
CCCC1CCN(C(=O)CC2CCC(=O)C(C(C)CC)C2)C1,-8.18,3PBL_D3多巴胺受体.pdb,"0.090,-14.830,10.430",4
CC1CCOC(C2CCN(CCN(CCO)C(=O)c3cccc(Cl)c3)C2)CO1,-8.16,3PBL_D3多巴胺受体.pdb,"0.090,-14.830,10.430",4
Cc1ccccc1CC(O)CCN1CCCC2Oc3ccccc3CC21,-8.07,3PBL_D3多巴胺受体.pdb,"0.090,-14.830,10.430",4
CCc1c[nH]c(C(=O)CCO)c1-c1cccc(Cl)c1,-8.07,3PBL_D3多巴胺受体.pdb,"0.090,-14.830,10.430",4
O=C(O)c1ccn(C2CCN3C(=O)CN4C(O)C=CC(=O)C4CC3C2)c1-c1ccsc1,-8.04,3PBL_D3多巴胺受体.pdb,"0.090,-14.830,10.430",4
c1ccc2c(c1)C1CCOC1N2CC1COCCO1,-7.92,3PBL_D3多巴胺受体.pdb,"0.090,-14.830,10.430",4
CC1C=CC(c2c(C(=O)O)ccn2C2CCCC(C(=O)O)C2)=C1,-7.92,3PBL_D3多巴胺受体.pdb,"0.090,-14.830,10.430",4
O=C(O)c1ccn(C2CCN3C(=O)CN4C(O)CCCC4CC3C2)c1-c1ccsc1,-7.89,3PBL_D3多巴胺受体.pdb,"0.090,-14.830,10.430",4
Clc1cccc(-c2ccnc(NCCN3CCOCC3)n2)c1,-7.83,3PBL_D3多巴胺受体.pdb,"0.090,-14.830,10.430",4
O=C1CC(O)N2CC(=O)N3CCC(n4ccc(C(=O)O)c4-c4ccsc4)CC3CC2C1,-7.82,3PBL_D3多巴胺受体.pdb,"0.090,-14.830,10.430",4
O=C(c1cccc(Cl)c1)N1Cc2ccccc2N(CCO)C1,-7.81,3PBL_D3多巴胺受体.pdb,"0.090,-14.830,10.430",4
CCN(CCN1CCOCC1)C(=O)c1cccc(Cl)c1,-7.77,3PBL_D3多巴胺受体.pdb,"0.090,-14.830,10.430",4
O=C(CN1CCCC1)N1CCN(C(=O)c2cccc(Cl)c2)CC1,-7.75,3PBL_D3多巴胺受体.pdb,"0.090,-14.830,10.430",4
O=C1COCCCN(C(=O)c2cccc(Cl)c2)CCCN1,-7.52,3PBL_D3多巴胺受体.pdb,"0.090,-14.830,10.430",4
Cc1ccccc1CC(O)CCN1CCCCC1CO,-7.46,3PBL_D3多巴胺受体.pdb,"0.090,-14.830,10.430",4
Cn1c(=O)n(CC2COCCO2)c2cc(O)c(OC3CCOCC3)cc21,-7.39,3PBL_D3多巴胺受体.pdb,"0.090,-14.830,10.430",4
CCC1C(=O)NC(CN2CCN(C(=O)O)CC2)=C1c1cccc(Cl)c1,-7.31,3PBL_D3多巴胺受体.pdb,"0.090,-14.830,10.430",4
O=C(O)c1ccn(C2CCCC(C(=O)O)C2)c1-c1ccsc1,-7.27,3PBL_D3多巴胺受体.pdb,"0.090,-14.830,10.430",4
Cc1cc(C(=O)N2CCCCC2C(F)(F)F)co1,-7.24,3PBL_D3多巴胺受体.pdb,"0.090,-14.830,10.430",4
CNC1=NCCN(C(=O)c2cccc(Cl)c2)CC1,-7.21,3PBL_D3多巴胺受体.pdb,"0.090,-14.830,10.430",4
CCCCC(=O)Nc1ccccc1OCC(F)(F)F,-7.14,3PBL_D3多巴胺受体.pdb,"0.090,-14.830,10.430",4
Cc1cc(C(=O)N2CC(CO)OC2C(F)(F)F)co1,-7.07,3PBL_D3多巴胺受体.pdb,"0.090,-14.830,10.430",4
COC(=O)N1CCN(C(=O)c2cccc(Cl)c2)CC1,-7.03,3PBL_D3多巴胺受体.pdb,"0.090,-14.830,10.430",4
O=C(c1cccc(Cl)c1)N1CCC2CCC(F)C21,-7.0,3PBL_D3多巴胺受体.pdb,"0.090,-14.830,10.430",4
Cc1ccccc1CC(O)CCN1CCCC2OCCCC21,-6.96,3PBL_D3多巴胺受体.pdb,"0.090,-14.830,10.430",4
O=C(O)c1ccn(C2CCCCC2)c1-c1ccsc1,-6.96,3PBL_D3多巴胺受体.pdb,"0.090,-14.830,10.430",4
COC(=O)NC(c1cccc(Cl)c1)C(C)CO,-6.9,3PBL_D3多巴胺受体.pdb,"0.090,-14.830,10.430",4
CCCC(C)Cn1cc(-c2c(C)cccc2OC)ncc1=O,-6.88,3PBL_D3多巴胺受体.pdb,"0.090,-14.830,10.430",4
CCc1c[nH]c(CN2CCN(C)CC2)c1-c1cccc(Cl)c1,-6.87,3PBL_D3多巴胺受体.pdb,"0.090,-14.830,10.430",4
O=C(c1cccc(Cl)c1)N1CCCC(CCO)C1,-6.85,3PBL_D3多巴胺受体.pdb,"0.090,-14.830,10.430",4
COCCC(NC(=O)c1coc(C)c1)C(F)(F)F,-6.64,3PBL_D3多巴胺受体.pdb,"0.090,-14.830,10.430",4
CCCCC(C)CNc1cocc1C1NCCN1C,-6.54,3PBL_D3多巴胺受体.pdb,"0.090,-14.830,10.430",4
CCCC(C)C1CC(CCN(CCC)CCO)C=CC1=O,-6.5,3PBL_D3多巴胺受体.pdb,"0.090,-14.830,10.430",4
