smiles,来源runs,reason
C=CC1CN(C(=O)C2CCC(C)(C(=O)NC3CCN4C(=O)CCCC4C3)O2)CC1CC,5HT2B_20260930_041109,brenk: isolated_alkene
CC(=O)N1CCC(N2C=C3C(CO)CCCN3C(=O)C2)CC1,5HT2B_20260930_040255,logp_out_of_range (0.39)
CC(=O)N1CCCC1C(=O)NCC(=O)N1CC(CO)CC1C,5HT2B_20260930_035255,logp_out_of_range (-0.66)
CC(=O)N1c2ccccc2C2CNCCC21C(=O)O,5HT2B_20260930_041846,logp_out_of_range (0.95)
CC(=O)NCC(=O)NCC(=O)N1CCN(C2C=Cc3cccc(C)c3C2)CC1,5HT2B_20260930_042845,logp_out_of_range (0.33)
CC(C)=CC=C1NC(=O)C(F)C(=O)N1c1cc2n(c1)C(C)CN(C1CCCC1)C2=O,5HT2B_20260930_035255,brenk: beta-keto/anhydride
CC(CC(=O)NC1CCC2CCCCC(C)N2C1=O)C(O)O,5HT2B_20260930_035255,brenk: het-C-het_not_in_ring
CC1(C(=O)NC2CCN3C(=O)CC(=O)N=C3C2)CCC(Cc2cccc3ccccc23)O1,5HT2B_20260930_041109,brenk: beta-keto/anhydride
CC1(C(=O)NC2CCN3C(=O)CC(=O)NC3C2)CCC(Cc2cccc3ccccc23)O1,5HT2B_20260930_041109,brenk: beta-keto/anhydride
CC1(C(=O)NC2CCN3C(=O)CC=CC3C2)CCC(Cc2cccc3c2CCC3O)O1,5HT2B_20260930_041109,brenk: isolated_alkene
CC1(C)CCC(NC(=O)Cc2ccccc2)C1=O,5HT2B_20260930_034501,mw_out_of_range (245.3)
CC12CCCC1C1CC(CCNCCO)CC(C(=O)O)N1C2=O,5HT2B_20260930_041846,brenk: Aliphatic_long_chain
CC1C(O)CN2C(=O)CN(CCC(=O)NCCO)CC12,5HT2B_20260930_040255,logp_out_of_range (-1.99)
CC1CC(NCCCCO)CN1C(=O)C1C=CC=CN1,5HT2B_20260930_035255,brenk: Aliphatic_long_chain
CC1CC(O)CN1C(=O)CNc1ccccc1,5HT2B_20260930_035255,mw_out_of_range (234.3)
CC1CC2CN(C3CN(C4CCCC4)C(=O)c4cc(NC(=O)C(=O)O)cnc43)C=C2C(=O)N(C)C1,5HT2B_20260930_035255,brenk: diketo_group
CC1CCC2C3CCC(C)N3C(=O)CN2C1=O,5HT2B_20260930_042845,mw_out_of_range (236.3)
CC1CCCCC1NC(=O)CN(CC1CCC(=O)CC1)C(=O)C1CCC2CCC=C2C1,5HT2B_20260930_034501,brenk: isolated_alkene
CC1CCCCC1NC(=O)CNC(=O)CN1C=CCC(O)C1=O,5HT2B_20260930_040255,logp_out_of_range (-0.10)
CC1CCCCC1NC(=O)CNC(=O)CN1CCCC1,5HT2B_20260930_040255,logp_out_of_range (0.89)
CC1CCCCC1NC(=O)CNC(=O)Cn1ccc(F)cc1=O,5HT2B_20260930_040255,logp_out_of_range (0.80)
CC1CCCCC1NC(=O)CNC(=O)Cn1ccccc1=O,5HT2B_20260930_040255,logp_out_of_range (0.66)
CC1CCCCCN1C(=O)CNC(=O)C1=NC(=O)C=C1,5HT2B_20260930_035255,logp_out_of_range (0.43)
CC1CCN2C(=O)CN(CC3=NC(=C4C=CC=CC4)C(=O)N(C)C3=O)CC2C1,5HT2B_20260930_040255,brenk: Michael_acceptor_1
CC1CCN2C(=O)CN(Cc3ccc(-c4cc(N)cc(O)c4)[nH]c3=O)CC2C1,5HT2B_20260930_040255,brenk: aniline
CC1CCN2C(=O)CN(Cc3ccc(C4CCN5C(=O)CC(=O)N=C5C4)[nH]c3=O)CC2C1,5HT2B_20260930_040255,brenk: beta-keto/anhydride
CC1CCN2C(=O)CN(Cc3ccc(C4OCCO4)[nH]c3=O)CC2C1,5HT2B_20260930_040255,logp_out_of_range (0.86)
CC1CN2c3c(cc(O)cc3C1C)ONC1C3CCN(C(=O)CC4C=CC(=O)C5=C4CCO5)C3CCC12,5HT2B_20260930_041846,mw_out_of_range (505.6)
CC1CN2c3c(cccc3C1C)CN(C)C1C3CCN(C(=O)CC4C=CC(=O)C5=C4CCO5)C3CCC12,5HT2B_20260930_041846,mw_out_of_range (501.7)
CC1CN2c3c(cccc3C1C)NN(C)C1C3CCN(C(=O)CC4C=CC(=O)C5=C4CCO5)C3CCC12,5HT2B_20260930_041846,mw_out_of_range (502.7)
CC1CN2c3c(cccc3C1C)ON(C)C1C3CCN(C(=O)CC4C=CC(=O)C5=C4CCO5)C3CCC12,5HT2B_20260930_041846,mw_out_of_range (503.6)
CC1c2ccccc2C(=O)N1C(CCO)C(=O)O,5HT2B_20260930_041846,mw_out_of_range (249.3)
CCC(C)CCCCc1ccccc1N1CCCOC1C(=O)NCC(C)(C)C,5HT2B_20260930_034501,brenk: Aliphatic_long_chain
CCCCCC(=O)NC1CCC2CCCCC(C)N2C1=O,5HT2B_20260930_035255,brenk: Aliphatic_long_chain
CCCCCCCc1ccccc1N1CCCOC1C(=O)NCC(C)(C)C,5HT2B_20260930_034501,brenk: Aliphatic_long_chain
CCNC(=O)c1ccccn1,5HT2B_20260930_035255,mw_out_of_range (150.2)
CCc1cc(O)cc(C(=O)N=C2CN(C3CCCC3)C(=O)c3cc(NC(=O)COC)cnc32)c1OC,5HT2B_20260930_035255,brenk: imine_1
CCc1cccc(Cc2cc3ccc(N(C(=O)O)C4CCN(C)CC4)cc3o2)c1,5HT2B_20260930_035255,logp_out_of_range (5.16)
CN(CC(=O)O)C1CCC2CC(O)C(O)C(=O)N2C1,5HT2B_20260930_041109,logp_out_of_range (-1.51)
CN1C(=O)C2=CCCCN2C1=O,5HT2B_20260930_041109,brenk: hydantoin
CN1C=CCC2CN(C3CN(C4CCCC4)C(=O)c4cc(N5C=NC(=O)CC5=O)cnc43)C=C2C1=O,5HT2B_20260930_035255,brenk: beta-keto/anhydride
CN1C=CCC2CN(C3CN(C4CCCC4)C(=O)c4cc(NC(=O)CCCCO)cnc43)C=C2C1=O,5HT2B_20260930_035255,brenk: Aliphatic_long_chain
CN1CC(=O)N2CC(=O)N3C4CCCC(C4)C3C2C1,5HT2B_20260930_042845,logp_out_of_range (-0.09)
CN1CCC(N(C(=O)O)c2ccc3cc(CC4CCCCC4)oc3c2)CC1,5HT2B_20260930_035255,logp_out_of_range (5.13)
CN1CN(c2cnc3c(c2)C(=O)N(C2CCCC2)CC3N2C=C3C(=O)N(C)CCCC3C2)C(=O)CC1=O,5HT2B_20260930_035255,brenk: beta-keto/anhydride
CNCCNC(=O)C=CCC1CCCN1C(=O)Cc1ccc(O)c2c1CCO2,5HT2B_20260930_041846,brenk: Aliphatic_long_chain
COC(=O)COC(=O)N1CC(=O)N2CC(CC3CCC(C)C(=O)N3)CC2C1,5HT2B_20260930_041846,logp_out_of_range (0.13)
COC(=O)N1CC(=O)N2CC34CC5CC(C)CC6=CC=CC(N65)N3C4C2C1,5HT2B_20260930_041846,brenk: Three-membered_heterocycle
COC(=O)c1ccc(CN2CC(=O)N3CCC(C)CC3C2)c(=O)[nH]1,5HT2B_20260930_040255,logp_out_of_range (0.60)
COC(O)c1ccc(CN2CC(=O)N3CCC(C)CC3C2)c(=O)[nH]1,5HT2B_20260930_040255,brenk: het-C-het_not_in_ring
COC1=C2c3ccccc3C(F)O[SH]2C(C(=O)NCC(=O)N2CC3CCCC3C2)=C1,5HT2B_20260930_034501,brenk: thiol_2
COCC(=O)Nc1cnc2c(c1)C(=O)N(C1CCCC1)CC2=NC(=O)c1cc(O)cc(C(=O)O)c1OC,5HT2B_20260930_035255,brenk: imine_1
COCC(=O)Nc1cnc2c(c1)C(=O)N(C1CCCC1)CC2=NC(=O)c1cc(O)ccc1OC,5HT2B_20260930_035255,brenk: imine_1
COCC(=O)Nc1cnc2c(c1)C(=O)N(C1CCCC1)CC2=NCc1ccccc1,5HT2B_20260930_035255,brenk: imine_1
COCC(=O)Nc1cnc2c(c1)C(=O)N(C1CCCC1)CC2=Nc1ccccc1,5HT2B_20260930_035255,brenk: imine_1
COCCNC(=O)C(CO)C(=O)NC1CCCCC1,5HT2B_20260930_041109,brenk: Aliphatic_long_chain
COCc1ccc(CN2CC(=O)N3CCC(C)CC3C2)c(=O)[nH]1,5HT2B_20260930_040255,logp_out_of_range (0.96)
COc1ccccc1,5HT2B_20260930_041109,mw_out_of_range (108.1)
Cc1[nH]nc2c1C(=O)N1CC(=O)N3CC(C)CCC3C1C2,5HT2B_20260930_042845,logp_out_of_range (0.73)
Cc1nc(N)c2c(=O)nc3n(c2n1)CCC1C3CCN1C(=O)CNC(=O)c1ccccc1,5HT2B_20260930_042845,logp_out_of_range (0.60)
Cc1nc2c(=O)nc3n(c2[nH]1)CCC1C3CCN1C(=O)CNC(=O)c1ccccc1,5HT2B_20260930_042845,logp_out_of_range (0.95)
Cc1nc2c(c(=O)nc3n2CCC2C3CCN2C(=O)CNC(=O)c2ccccc2)n1C,5HT2B_20260930_042845,logp_out_of_range (0.96)
Cn1c(-c2ccccc2)cnc(C(O)CCCCCO)c1=O,5HT2B_20260930_042845,brenk: Aliphatic_long_chain
N=C1CC(C(F)(F)F)c2cc(C(=O)NCC(=O)N3CC4CCCC4C3)ccc2C1=O,5HT2B_20260930_034501,pains: imine_one_A(321)
O=C(C=CCC1CCCN1C(=O)Cc1ccc(O)c2c1CCO2)NCCO,5HT2B_20260930_041846,brenk: Michael_acceptor_1
O=C(CC1C2CCCCC2C2CN(c3ccccc3)CC12)NCC1CCc2ccccc21,5HT2B_20260930_040255,logp_out_of_range (5.41)
O=C(CC1C=CC=CC1)N1CC(O)C(O)C1=O,5HT2B_20260930_041846,mw_out_of_range (237.3)
O=C(CN1C(CCCc2ccccc2)CC2CCCC21)NC(O)C1CCCCCC1,5HT2B_20260930_035255,brenk: het-C-het_not_in_ring
O=C(CN1C(CCCc2ccccc2)CC2CCCC21)NC(O)C1CCCOCC1,5HT2B_20260930_035255,brenk: het-C-het_not_in_ring
O=C(CO)NC(=O)c1ccc2c(c1)N(C1CCC(CNC(=O)c3ccccc3)NC1=O)C1CCCC1C2,5HT2B_20260930_041846,mw_out_of_range (504.6)
O=C(Cc1ccc(O)c2c1CCO2)N1CCC2CC(C=CC=C3C=CC(F)=CC3)=CCC21,5HT2B_20260930_041846,logp_out_of_range (5.10)
O=C(Cc1ccc(O)c2c1CCO2)N1CCC2CC(C=CC=C3C=CCC(F)=C3)=CCC21,5HT2B_20260930_041846,logp_out_of_range (5.10)
O=C(Cc1ccc(O)c2c1CCO2)N1CCC2Cc3cc4c(-c5ccccc5)cccc4cc3CC21,5HT2B_20260930_041846,logp_out_of_range (5.71)
O=C(F)c1ccc2c(c1)CN(C1CN(C3CCCC3)C(=O)c3cc(N4CCOCC4)cnc31)C2,5HT2B_20260930_035255,brenk: acid_halide
O=C(NC1CCCCC1)c1ccc(=O)n2c1Cc1c(F)ccc3c1C(C=CC3)C2,5HT2B_20260930_041109,brenk: isolated_alkene
O=C(NCC(=O)N1CC2CCN3CCC1C23)c1ccccc1,5HT2B_20260930_042845,logp_out_of_range (0.72)
O=C(NCC(=O)N1CCC(CO)C1)c1ccccc1,5HT2B_20260930_042845,logp_out_of_range (0.26)
O=C(NCC(=O)N1CCC2C3CC4=C(C=C3CC21)C(O)C(=O)CC4O)c1ccccc1,5HT2B_20260930_042845,logp_out_of_range (0.97)
O=C(NCC(=O)N1CCC2CN(C(=O)NCCO)CCC21)c1ccccc1,5HT2B_20260930_042845,logp_out_of_range (0.04)
O=C(NCC(=O)N1CCc2cc(C(=O)N3CC=CC3=O)ccc21)c1ccccc1,5HT2B_20260930_042845,brenk: phthalimide
O=C(NCC(=O)N1CCc2cc(C(=O)N3CCCC3=O)ccc21)c1ccccc1,5HT2B_20260930_042845,brenk: phthalimide
O=C(NCC(=O)N1CCc2cc(Oc3cc(O)ccc3O)ccc21)c1ccccc1,5HT2B_20260930_042845,brenk: hydroquinone
O=C(NCCN1CCCC1)N1CCN2CCC1C2,5HT2B_20260930_041109,logp_out_of_range (0.18)
O=C(Nc1ccccc1)N1CCN2CCCC1C2,5HT2B_20260930_041109,mw_out_of_range (245.3)
O=C(O)C1=NC=NC1,5HT2B_20260930_040255,mw_out_of_range (112.1)
O=C(O)C1CCNCC2c3ccccc3C(=O)N12,5HT2B_20260930_041846,mw_out_of_range (246.3)
O=C1C=C(C(=O)F)c2sc(C(=O)NCC(=O)N3CC4CCCC4C3)cc2OC1,5HT2B_20260930_034501,brenk: acid_halide
O=C1C=CC(=O)C2=C1C=C1CC3C(CCN3C(=O)CNC(=O)c3ccccc3)C1C2,5HT2B_20260930_042845,pains: quinone_A(370)
O=C1CC(C(F)(F)F)c2cc(C(=O)NCC(=O)N3CC4CCCC4C3)ccc2C1=O,5HT2B_20260930_034501,pains: imine_one_A(321)
O=C1CCC(CN(CC(=O)NC2CCCCC2)C(=O)C2OCC(O)C2O)CC1,5HT2B_20260930_034501,logp_out_of_range (0.14)
O=C1CCCC2CC(NC(=O)C3(C4CCCC4)CCC(CCC4CCCCC4)C3)CCN12,5HT2B_20260930_041109,logp_out_of_range (5.98)
O=C1CCCN1CCNC(=O)N1CCN2CCC1C2,5HT2B_20260930_041109,logp_out_of_range (-0.29)
O=C1CN(Cc2nc3ncccc3c3ccccc23)CC2CCCC(CCCO)N12,5HT2B_20260930_041846,brenk: Polycyclic_aromatic_hydrocarbon_3
O=C1CN(c2ccccc2)C=C2CCNCCN12,5HT2B_20260930_040255,mw_out_of_range (243.3)
O=C1CN(c2ccccc2)C=C2COCCCN12,5HT2B_20260930_040255,mw_out_of_range (244.3)
O=C1CN2C(=O)c3c[nH]nc3CC2C2CCCCN12,5HT2B_20260930_042845,logp_out_of_range (0.17)
O=C1CN2C(=O)c3conc3CC2C2CCCCN12,5HT2B_20260930_042845,logp_out_of_range (0.44)
O=C1c2cc(Nc3ccccc3)cnc2C(N2CC(c3cccc(F)c3)CC2=O)CN1C1CCCC1,5HT2B_20260930_035255,logp_out_of_range (5.42)
O=C1c2cc(Nc3ccccc3)cnc2C(N2CC(c3ccccc3)CC2=O)CN1C1CCCC1,5HT2B_20260930_035255,logp_out_of_range (5.28)
O=C1c2cc(Nc3ccccc3)cnc2C(N2CC3C(CC4CC(O)COC43)C2=O)CN1C1CCCC1,5HT2B_20260930_035255,mw_out_of_range (502.6)
O=C1c2cc(Nc3ccccc3O)cnc2C(=C2C=CC3=C4C=CC=CC4N=C3C2)CN1C1CCCC1,5HT2B_20260930_035255,brenk: catechol
O=C1c2cc(Nc3ccccc3O)cnc2C(=C2C=Cc3ccccc3C2)CN1C1CCCC1,5HT2B_20260930_035255,brenk: catechol
O=C1c2cc(Nc3ccccc3O)cnc2C(=C2C=Cc3cccnc3C2)CN1C1CCCC1,5HT2B_20260930_035255,brenk: catechol
O=C1c2cc(Nc3ccccc3O)cnc2C(=C2C=Cc3cscc3C2)CN1C1CCCC1,5HT2B_20260930_035255,brenk: catechol
O=C1c2ccccc2-c2cccc(O)c2C1O,5HT2B_20260930_041846,mw_out_of_range (226.2)
O=c1cncc2n1CCCC2,5HT2B_20260930_035255,mw_out_of_range (150.2)
OCc1ccccc1,5HT2B_20260930_035255,mw_out_of_range (108.1)
c1cc2c(cc1CN1CCCCC1)CCO2,5HT2B_20260930_041109,mw_out_of_range (217.3)
