target,molecule_chembl_id,canonical_smiles,pchembl_value
5HT2B,CHEMBL55969,Cc1cc2c(cc1C(F)(F)F)N(C(=O)Nc1ccc(OCc3cncn3C)nc1)CC2,8.20
5HT2B,CHEMBL53939,Cc1cccc(COc2ccc(NC(=O)N3CCc4cc(C)c(C(F)(F)F)cc43)cn2)n1,7.60
5HT2B,CHEMBL293597,O=C(Nc1ccc(OCc2ccccn2)nc1)N1CCc2cc(Cl)ccc21,6.00
5HT2B,CHEMBL54719,Cc1cc2c(cc1C(F)(F)F)N(C(=O)Nc1ccc(OCc3ccccn3)nc1)CC2,7.50
5HT2B,CHEMBL55914,Cc1cc2c(cc1C(F)(F)F)N(C(=O)Nc1cnc(OCc3ccccn3)c(C)c1)CC2,8.10
5HT2B,CHEMBL292759,COc1ccc(NS(=O)(=O)c2ccc(Br)cc2)cc1N1CCN(C)CC1,6.20
5HT2B,CHEMBL55344,Cc1cc2c(cc1C(F)(F)F)N(C(=O)Nc1ccc(COc3ccccn3)nc1)CC2,6.70
5HT2B,CHEMBL55784,Cc1cc2c(cc1C(F)(F)F)N(C(=O)Nc1ccc(CCc3ccccn3)nc1)CC2,7.70
5HT2B,CHEMBL29846,COc1ccc(NS(=O)(=O)c2sc3ccc(Cl)cc3c2C)cc1N1CCN(C)CC1,6.00
5HT2B,CHEMBL52592,Cc1cc2c(cc1C(F)(F)F)N(C(=O)Nc1ccc(OCCc3ccccn3)nc1)CC2,7.70
5HT2B,CHEMBL291949,Cc1cc2c(cc1Cl)N(C(=O)Nc1ccc(OCc3ccncc3)nc1)CC2,8.10
5HT2B,CHEMBL300618,O=C(Nc1ccc(OCc2ccccn2)nc1)N1CCc2cc(C(F)(F)F)ccc21,6.40
5HT2B,CHEMBL52783,O=C(Nc1ccc(OCc2ccccn2)nc1)N1CCc2c(Cl)cccc21,6.00
5HT2B,CHEMBL55597,Cc1cc2c(cc1Cl)N(C(=O)Nc1ccc(OCc3nccn3C)nc1)CC2,7.90
5HT2B,CHEMBL293937,Cc1cc2c(cc1Cl)N(C(=O)Nc1ccc(OCc3ccccn3)nc1)CC2,7.00
5HT2B,CHEMBL54707,Cc1cc2c(cc1C(F)(F)F)N(C(=O)Nc1ccc(OCc3cnccn3)nc1)CC2,8.00
5HT2B,CHEMBL55335,Cc1cc2c(cc1C(F)(F)F)N(C(=O)Nc1ccc(OCc3ccccn3)cc1)CC2,7.60
5HT2B,CHEMBL55388,O=C(Nc1ccc(OCc2ccccn2)nc1)N1CCc2cc(Br)ccc21,6.30
5HT2B,CHEMBL56405,O=C(Nc1ccc(OCc2ccccn2)nc1)N1CCc2ccc(C(F)(F)F)cc21,6.60
5HT2B,CHEMBL54484,Cc1cc2c(cc1C(F)(F)F)N(C(=O)Nc1ccc(OCc3ncccc3C)nc1)CC2,7.80
5HT2B,CHEMBL53063,Cc1cc2c(cc1Cl)N(C(=O)Nc1ccc(OCc3cccnc3)nc1)CC2,7.60
5HT2B,CHEMBL301409,Cc1cc2c(cc1Cl)N(C(=O)Nc1ccc(OCc3nccs3)nc1)CC2,7.00
5HT2B,CHEMBL432879,Cc1cc2c(cc1C(F)(F)F)N(C(=O)Nc1ccc(OCc3ccccn3)nn1)CC2,7.10
5HT2B,CHEMBL76307,C[C@H](N)CN1CCc2ccc(Cl)cc21,8.19
5HT2B,CHEMBL451543,CSc1ccc2c(c1)N(C[C@H](C)N)CC2,8.00
5HT2B,CHEMBL80862,CCSc1ccc2c(c1)N(C[C@H](C)N)CC2,7.14
5HT2B,CHEMBL80246,C[C@H](N)CN1CCc2cc(F)c(C(F)(F)F)cc21,7.31
5HT2B,CHEMBL80731,CCSc1cc2c(cc1F)CCN2C[C@H](C)N,7.51
5HT2B,CHEMBL309760,C[C@H](N)CN1CCc2ccc(Br)cc21,7.96
5HT2B,CHEMBL76301,C[C@H](N)CN1CCc2cc(F)c(I)cc21,7.66
5HT2B,CHEMBL76781,C[C@H](N)Cn1ccc2cc(F)c(Cl)cc21,8.37
5HT2B,CHEMBL39,NCCc1c[nH]c2ccc(O)cc12,8.82
5HT2B,CHEMBL276140,CSc1cc2c(cc1C(F)(F)F)N(C(=O)Nc1cccnc1)CC2,7.90
5HT2B,CHEMBL80366,C[C@H](N)CN1CCc2cc(F)c(Cl)cc21,8.14
5HT2B,CHEMBL76474,CSc1cc2c(cc1F)CCN2C[C@H](C)N,8.39
5HT2B,CHEMBL77880,C[C@H](N)CN1CCc2ccc3c(c21)CCO3,8.52
5HT2B,CHEMBL80482,C[C@H](N)CN1CCc2ccc3c(c21)CCCO3,7.44
5HT2B,CHEMBL478,Clc1cccc(N2CCNCC2)c1,7.50
5HT2B,CHEMBL297784,Cn1ccc2cc3c(cc21)CCN3C(=O)Nc1cccnc1,7.60
5HT2B,CHEMBL14563,Cc1cc2c(cc1Cl)N(C(=O)Nc1ccc(Oc3cccnc3C)nc1)CC2,7.00
5HT2B,CHEMBL300835,Cc1cc2cc(NC(=O)Nc3ccnc4ccccc34)ccc2n1C,8.40
5HT2B,CHEMBL56557,COc1ccc(NC(=O)Nc2ccnc3ccccc23)cc1Cl,7.80
5HT2B,CHEMBL54062,CSc1ccc(NC(=O)Nc2ccnc3ccccc23)cc1,7.50
5HT2B,CHEMBL59266,Cc1nc2ccc(NC(=O)Nc3ccnc4ccccc34)cc2o1,6.20
5HT2B,CHEMBL57135,CCN(CC)c1ccc(NC(=O)Nc2ccnc3ccccc23)cc1,7.30
5HT2B,CHEMBL417753,CN(C)c1ccc(NC(=O)Nc2ccnc3ccccc23)cc1,7.10
5HT2B,CHEMBL149024,CC(N)Cc1c2ccoc2c(Br)c2ccoc12,9.72
5HT2B,CHEMBL301209,CN1CCc2cc(NC(=O)Nc3ccnc4ccccc34)ccc21,7.90
5HT2B,CHEMBL6616,COc1cc(CC(C)N)c(OC)cc1I,7.37
5HT2B,CHEMBL299498,Cn1ccc2cc(NC(=O)Nc3ccnc4ccccc34)ccc21,8.60
5HT2B,CHEMBL101008,CC(N)Cc1c2c(c(Br)c3c1OCC3)OCC2,8.80
5HT2B,CHEMBL102347,COc1cc(CCN)c2c(c1OC)OCC2,6.28
5HT2B,CHEMBL316527,COc1c2c(c(CCN)c3c1OCC3)CCO2,6.52
5HT2B,CHEMBL319415,CCOc1c(OC)cc(CCN)cc1OC,6.26
5HT2B,CHEMBL26687,COc1cc(CCN)cc(OC)c1OC,6.10
5HT2B,CHEMBL149564,COc1ccc2[nH]cc(C(C)CN)c2c1,8.08
5HT2B,CHEMBL273921,O=C1c2ccccc2CCCN1CCN1CCC(n2c(O)nc3cc(F)ccc32)CC1,6.00
5HT2B,CHEMBL357702,N[C@H]1C[C@@H]1c1c[nH]c2ccccc12,7.03
5HT2B,CHEMBL358810,NC1CC1c1c[nH]c2ccccc12,7.23
5HT2B,CHEMBL148463,CC(CN)c1c[nH]c2ccccc12,7.06
5HT2B,CHEMBL147656,NC1CC1c1c[nH]c2ccc(F)cc12,8.24
5HT2B,CHEMBL147434,COc1ccc2[nH]cc(C3CC3N)c2c1,7.42
5HT2B,CHEMBL358522,N[C@@H]1C[C@H]1c1c[nH]c2ccccc12,7.23
5HT2B,CHEMBL148091,COc1cccc2[nH]cc(C3CC3N)c12,7.19
5HT2B,CHEMBL138989,C[C@@H]1C[C@@H](C)N1C(=O)[C@@H]1C=C2c3cccc4[nH]cc(c34)CC2N(C)C1,6.51
5HT2B,CHEMBL263881,CCN(CC)C(=O)[C@@H]1C=C2c3cccc4[nH]cc(c34)C[C@H]2N(C)C1,7.52
5HT2B,CHEMBL343755,C[C@H]1C[C@H](C)N1C(=O)[C@@H]1C=C2c3cccc4[nH]cc(c34)CC2N(C)C1,7.57
5HT2B,CHEMBL137781,C[C@@H]1C[C@H](C)N1C(=O)[C@@H]1C=C2c3cccc4[nH]cc(c34)CC2N(C)C1,7.36
5HT2B,CHEMBL31115,COc1ccc2[nH]cc(CC(C)N)c2c1,8.11
5HT2B,CHEMBL135076,C[C@@H](N)Cc1c[nH]c2ccc3c(c12)CCCO3,7.72
5HT2B,CHEMBL133455,C[C@H](N)Cc1c[nH]c2ccc3c(c12)CCCO3,8.28
5HT2B,CHEMBL133868,CC(N)Cc1c[nH]c2ccc3c(c12)CCCO3,7.89
5HT2B,CHEMBL27173,NCCc1c[nH]c2ccc3c(c12)CCCO3,7.85
5HT2B,CHEMBL275854,CC(N)Cc1c[nH]c2ccc(O)cc12,7.89
5HT2B,CHEMBL131736,CC(N)Cc1cn(C)c2ccc3c(c12)CCCO3,7.96
5HT2B,CHEMBL134519,COc1cc(C[C@@H](C)N)c(OC)cc1I,7.75
5HT2B,CHEMBL412876,CN(C)CCc1c[nH]c2ccc3c(c12)CCCO3,7.58
5HT2B,CHEMBL432713,O=C(/C=C/c1ccc(Cl)c(Cl)c1)NCCCCCN1CCC(c2c[nH]c3ccc(O)cc23)CC1,7.60
5HT2B,CHEMBL71707,O=C(/C=C/c1ccc(Cl)c(Cl)c1)N[C@H]1CC[C@@H](CN2[C@@H]3CC[C@H]2C[C@H](c2c[nH]c4ccc(O)cc24)C3)CC1,6.30
5HT2B,CHEMBL14255,COc1cc2c(cc1C(F)(F)F)N(C(=O)Nc1cccc(-c3cccnc3)c1)CC2,8.10
5HT2B,CHEMBL14374,COc1cc2c(cc1C(F)(F)F)N(C(=O)Nc1ccc(Oc3cccnc3C)nc1)CC2,7.30
