smiles,mw,logp,tpsa,logS,herg,herg_hits,cyp,cyp_hits,ames,ames_hits,bbb,pbb,solubility,alerts,grade
CC(=O)N1CC(CCCC2CCc3cccc(NC(=O)OC4CCCOC4)c3O2)=C2CC=CN=C21,479.6,4.75,89.5,-6.23,medium,tertiary_amine,low,,low,,not_permeable,high,poor,3,C
CC(=O)N1CCN(CC2OCCC2c2ccc(COc3ccc(O)cc3)cc2)CC1,410.5,3.01,62.2,-4.58,high,tertiary_amine,low,,low,,permeable,low,moderate,2,B
CC(=O)NC(=O)c1cc2c3c(c1)-c1cccc4oc(=O)n(c14)C1=C3C(C=CN1)C2,385.4,2.47,93.3,-4.17,medium,basic_secondary_amine,low,,low,,not_permeable,low,good,1,B
CC(=O)NC(=O)c1cc2c3c(c1)-c1cccc4oc(=O)n(c14)C1=C3N(CC(=O)N1)C2,402.4,1.08,113.7,-3.24,low,tertiary_amine,low,,low,,not_permeable,low,good,0,A
CC(C)C1=CC(=O)CN(c2nc(=O)n3c(c2F)N(c2ccc4ccccc4c2)C(C)C3)C1,432.5,4.05,58.4,-5.59,low,,low,,low,,not_permeable,medium,moderate,0,A
CC(C)C1=CC=CN(c2nc(=O)n3c(c2F)N(c2ccc4ccccc4c2)C(C)C3)C1,416.5,4.99,41.4,-6.2,low,,low,,low,,not_permeable,high,poor,2,B
CC(C)N1CCN(CC2OCCC2c2ccc(COc3ccc(O)cc3)cc2)CC1,410.6,3.87,45.2,-5.19,high,tertiary_amine,low,,low,,permeable,medium,moderate,2,B
CC(C)NC(=O)COc1cccc2c(O)c3c(cc12)-c1cc[nH]c(=O)c1CC3,378.4,2.9,91.4,-4.4,low,,medium,pyridine_like,low,,not_permeable,low,good,1,B
CC(COC1CCc2cc(O)cc3c2C1Cc1c(-c2ccccc2)c(=O)oc(=O)n1-3)OCC(=O)O,479.5,2.62,128.2,-4.75,low,,low,,low,,not_permeable,low,moderate,0,A
CC(COC1CCc2cc(O)cc3c2C1Cc1c(-c2ccccc2)c(=O)oc(=O)n1-3)OCC(N)=O,478.5,2.02,134.0,-4.3,low,,low,,low,,not_permeable,low,good,0,A
CC(COC1CCc2cc(O)cc3c2C1Cc1c(-c2ccccc2)c(=O)oc(=O)n1-3)OCCO,465.5,2.53,111.1,-4.6,low,,low,,low,,not_permeable,low,moderate,0,A
CC(OCCO)C(=O)OC1CCc2cc(O)cc3c2C1Cc1c(-c2ccccc2)c(=O)oc(=O)n1-3,479.5,2.06,128.2,-4.35,low,,low,,low,,not_permeable,low,good,0,A
CC1(CNC(=O)CCn2c(=O)[nH]c(=O)c3c4c(ccc32)CCCC4)CCc2c(F)cccc2CN1,478.6,2.71,96.0,-4.83,medium,basic_secondary_amine,low,,low,,not_permeable,low,moderate,1,B
CC1(CNC(=O)CCn2c(=O)[nH]c(=O)c3c4c(ccc32)CCCC4)CCc2c(F)ccnc2CN1,479.6,2.1,108.9,-4.39,medium,basic_secondary_amine,medium,pyridine_like,low,,not_permeable,low,good,2,B
CC1(CNC(=O)CCn2c(=O)[nH]c(=O)c3c4c(ccc32)CCCC4)CCc2ccc(O)nc2CN1,477.6,1.67,129.1,-4.05,low,basic_secondary_amine,medium,pyridine_like,low,,not_permeable,low,good,1,B
CC1(CNC(=O)CCn2c(=O)[nH]c(=O)c3c4c(ccc32)CCCC4)CCc2cncnc2CN1,462.6,1.36,121.8,-3.73,low,basic_secondary_amine,low,,low,,not_permeable,low,good,0,A
CC1=CC(NC(=O)CC2Oc3c(cccc3N3CC4CCCCC4OC3=O)CC2=O)CC=N1,451.5,3.33,97.3,-5.04,low,,low,,low,,not_permeable,low,moderate,0,A
CC1=CC2=C(C=CN(c3nc(=O)n4c(c3F)N(c3ccc5ccccc5c3)CCC4)C2)N(C)N1,456.5,4.02,56.6,-5.74,high,tertiary_amine;basic_secondary_amine,medium,hydrazine,low,,not_permeable,medium,moderate,3,C
CC1=CCC(OC2CCc3cc(O)cc4c3C2Cc2c(-c3ccccc3)c(=O)oc(=O)n2-4)C(C)O1,473.5,4.22,90.9,-5.98,low,,low,,low,,not_permeable,medium,moderate,0,A
CC1C(O)C(F)=C2N(c3ccc4ccccc4c3)CCN21,284.3,2.86,26.7,-3.81,medium,tertiary_amine,low,,low,,permeable,low,good,1,B
CC1C(O)CC2c3cc4c(c5c(=O)[nH]c(=O)n(c35)CC21)CCCC4,326.4,1.68,75.1,-3.2,low,,low,,low,,permeable,low,good,0,A
CC1CC(C2C=CC(=O)C=C2)=C2c3cc4c(c5c(=O)[nH]c(=O)n(c35)CC21)CCCC4,400.5,3.3,71.9,-4.82,low,,low,,low,,permeable,low,moderate,0,A
CC1CC(C2C=CC3=CC=CC(=O)C3=C2)=C2c3cc4c(c5c(=O)[nH]c(=O)n(c35)CC21)CCCC4,450.5,4.17,71.9,-5.77,low,,low,,low,,not_permeable,medium,moderate,0,A
CC1CC(CC(=O)O)=C2c3cc4c(c5c(=O)[nH]c(=O)n(c35)CC21)CCCC4,366.4,2.47,92.2,-3.98,low,,low,,low,,not_permeable,low,good,0,A
CC1CC(CC2C(=O)N3CCC4Cc5cc6ccccc6cc5N4C3=C2F)ONC1=O,421.5,3.42,61.9,-5.02,high,tertiary_amine,low,,low,,permeable,low,moderate,2,B
CC1CC(CCc2ccccc2)=C2c3cc4c(c5c(=O)[nH]c(=O)n(c35)CC21)CCCC4,412.5,4.62,54.9,-5.9,low,,low,,low,,not_permeable,high,moderate,1,B
CC1CC(F)=C2N1CC1OC(O)C=C3c4cc5ccccc5cc4N2N31,351.4,3.14,39.2,-4.43,high,tertiary_amine,medium,hydrazine,low,,permeable,low,good,3,C
CC1CC(F)=C2N1CC1OC(O)Cc3c1n2c1cc2ccccc2cc31,350.4,3.93,37.6,-5.05,high,tertiary_amine,low,,low,,permeable,medium,moderate,2,B
CC1CC(F)=C2N3CC(CN21)OCCNc1cc2ccccc2cc13,339.4,3.7,27.7,-4.78,high,tertiary_amine,low,,medium,aromatic_amine,permeable,medium,moderate,3,C
CC1CCC2c3cc4c(c5c(=O)[nH]c(=O)n(c35)CC12)CCCC4,310.4,2.71,54.9,-3.87,low,,low,,low,,permeable,low,good,0,A
CC1CCCCC1CNC(=O)CCn1c(=O)[nH]c(=O)c2c3c(ccc21)CCCC3,397.5,2.9,84.0,-4.42,low,,low,,low,,permeable,low,good,0,A
CC1CCCN1C(=O)COc1cccc2c(O)c3c(cc12)-c1cc[nH]c(=O)c1CC3,404.5,3.39,82.6,-4.94,high,tertiary_amine,medium,pyridine_like,low,,permeable,low,moderate,3,C
CC1CCN(C(=O)NCc2cccc(Cl)c2)C1,252.7,2.89,32.3,-3.57,medium,tertiary_amine,low,,low,,permeable,low,good,1,B
CC1CN(C(=O)c2cccc(CO)c2)C2c3cc4c(c5c(=O)[nH]c(=O)n(c35)CC12)CCCC4,445.5,2.52,95.4,-4.56,medium,tertiary_amine,low,,low,,not_permeable,low,moderate,1,B
CC1CN(C(=O)c2ccccc2)C2c3cc4c(c5c(=O)[nH]c(=O)n(c35)CC12)CCCC4,415.5,3.03,75.2,-4.78,high,tertiary_amine,low,,low,,permeable,low,moderate,2,B
CC1CN=C2c3cc4c(c5c(=O)[nH]c(=O)n(c35)CC21)C=CC4,293.3,1.33,67.2,-2.74,low,,low,,low,,permeable,low,good,0,A
CC1Cn2c(c(F)c(N3C=CC4=C(CC(=O)N4)C3)nc2=O)N1c1ccc2ccccc2c1,429.5,3.18,70.5,-4.95,low,,low,,low,,permeable,low,moderate,0,A
CC1Cn2c(c(F)c(N3C=CC4=C(CCO4)C3)nc2=O)N1c1ccc2ccccc2c1,416.5,4.08,50.6,-5.55,low,,low,,low,,not_permeable,medium,moderate,0,A
CC1Cn2c(c(F)c(N3C=Cc4[nH]ccc4C3)nc2=O)N1c1ccc2ccccc2c1,413.5,4.39,57.2,-5.81,low,,low,,low,,not_permeable,medium,moderate,0,A
CC1Cn2c(c(F)c(N3CCc4ncccc4C3)nc2=O)N1c1ccc2ccccc2c1,427.5,4.03,54.3,-5.64,low,,medium,pyridine_like,low,,not_permeable,medium,moderate,1,B
CCC(=O)CNC(=O)c1cc2c3c(c1)-c1cccc4oc(=O)n(c14)C1=C3N(CC(=O)N1)C2,430.4,1.51,113.7,-3.66,low,tertiary_amine,low,,low,,not_permeable,low,good,0,A
CCC1=CC(C(=O)N2CC(C)C3Cn4c(=O)[nH]c(=O)c5c6c(cc(c54)C32)CCCC6)=CC1,431.5,3.38,75.2,-5.05,high,tertiary_amine,low,,low,,permeable,low,moderate,2,B
CCC1C(O)C(F)=C2N1CC1OC(=O)C=C3c4cc5ccccc5cc4N2N31,379.4,2.71,56.3,-4.26,medium,tertiary_amine,medium,hydrazine,low,,permeable,low,good,2,B
CCC1CC(C2CC(=O)N(C(N)=O)C(C)C2)=C2c3cc4c(c5c(=O)[nH]c(=O)n(c35)CC21)CCCC4,476.6,3.09,118.3,-5.11,high,tertiary_amine,low,,low,,not_permeable,low,moderate,2,B
CCC1CC(C2CC(=O)N3C(N)=NCCC3C2)=C2c3cc4c(c5c(=O)[nH]c(=O)n(c35)CC21)CCCC4,487.6,2.71,113.5,-4.89,medium,tertiary_amine,low,,low,,not_permeable,low,moderate,1,B
CCC1CC(C2CC(=O)N3C(O)CCCC3C2)=C2c3cc4c(c5c(=O)[nH]c(=O)n(c35)CC21)CCCC4,489.6,3.49,95.4,-5.49,high,tertiary_amine,low,,low,,not_permeable,low,moderate,2,B
CCC1CC(C2CC(=O)N3CC(=O)NCC3C2)=C2c3cc4c(c5c(=O)[nH]c(=O)n(c35)CC21)CCCC4,488.6,2.12,104.3,-4.46,medium,tertiary_amine,low,,low,,not_permeable,low,good,1,B
CCC1CC(C2CC(=O)N3CC(O)CCC3C2)=C2c3cc4c(c5c(=O)[nH]c(=O)n(c35)CC21)CCCC4,489.6,3.14,95.4,-5.23,high,tertiary_amine,low,,low,,not_permeable,low,moderate,2,B
CCC1CC(C2CC(=O)N3CCCCC3C2)=C2c3cc4c(c5c(=O)[nH]c(=O)n(c35)CC21)CCCC4,473.6,4.17,75.2,-5.89,high,tertiary_amine,low,,low,,not_permeable,medium,moderate,2,B
CCC1CC(C2CC(=O)n3c(cccc3=O)N2)=C2c3cc4c(c5c(=O)[nH]c(=O)n(c35)CC21)CCCC4,484.6,3.07,106.0,-5.2,low,,medium,pyridine_like,medium,aromatic_amine,not_permeable,low,moderate,2,B
CCC1CC(C2CC(=O)n3c(cccc3=O)O2)=C2c3cc4c(c5c(=O)[nH]c(=O)n(c35)CC21)CCCC4,485.5,3.04,103.2,-5.18,low,,medium,pyridine_like,low,,not_permeable,low,moderate,1,B
CCC1CC(C2CCN(C(=O)CNC)C(=O)C2)=C2c3cc4c(c5c(=O)[nH]c(=O)n(c35)CC21)CCCC4,490.6,2.37,104.3,-4.61,medium,tertiary_amine;basic_secondary_amine,low,,low,,not_permeable,low,moderate,1,B
CCC1CC(C2CCN(C(=O)O)C(=O)C2)=C2c3cc4c(c5c(=O)[nH]c(=O)n(c35)CC21)CCCC4,463.5,3.3,112.5,-5.18,high,tertiary_amine,low,,low,,not_permeable,low,moderate,2,B
CCC1CC(C2CCN(C(C)O)C(=O)C2)=C2c3cc4c(c5c(=O)[nH]c(=O)n(c35)CC21)CCCC4,463.6,2.96,95.4,-4.91,medium,tertiary_amine,low,,low,,not_permeable,low,moderate,1,B
CCC1CC(C2CCN(C(N)=O)C(=O)C2)=C2c3cc4c(c5c(=O)[nH]c(=O)n(c35)CC21)CCCC4,462.6,2.7,118.3,-4.73,medium,tertiary_amine,low,,low,,not_permeable,low,moderate,1,B
CCC1CC(C2CCNC(=O)C2)=C2c3cc4c(c5c(=O)[nH]c(=O)n(c35)CC21)CCCC4,419.5,2.91,84.0,-4.62,low,,low,,low,,permeable,low,moderate,0,A
CCC1CC(C2CCc3ccc(O)cc3C2)=C2c3cc4c(c5c(=O)[nH]c(=O)n(c35)CC21)CCCC4,468.6,4.89,75.1,-6.46,low,,low,,low,,not_permeable,high,poor,2,B
CCC1CC(CCC(=O)NC(N)=O)=C2c3cc4c(c5c(=O)[nH]c(=O)n(c35)CC21)CCCC4,436.5,2.36,127.0,-4.27,low,,low,,low,,not_permeable,low,good,0,A
CCC1CC(CCC(=O)NC2NCCC2C)=C2c3cc4c(c5c(=O)[nH]c(=O)n(c35)CC21)CCCC4,476.6,3.23,96.0,-5.15,high,basic_secondary_amine,low,,low,,not_permeable,low,moderate,2,B
CCC1Cn2c(c(F)c(N3CCCCC3)nc2=O)N1c1ccc2ccccc2c1,392.5,4.46,41.4,-5.66,low,,low,,low,,not_permeable,medium,moderate,0,A
CCCC(CC)CC1Oc2c(cccc2NC(=O)OC2CCCOC2)CC1=O,389.5,4.5,73.9,-5.47,low,,low,,low,,not_permeable,high,moderate,1,B
CCCC(COc1cccc(C(N)=O)c1)OCC,251.3,2.37,61.5,-3.03,low,,low,,low,,permeable,low,good,0,A
CCCC(OC1CCC(CC(C)C)C1)n1c(=O)[nH]c(=O)c2c(CC)cccc21,386.5,4.78,64.1,-5.68,low,,low,,low,,not_permeable,high,moderate,1,B
CCCC(OC1CCC(CC)C1)n1c(=O)[nH]c(=O)c2c(CC)cccc21,358.5,4.15,64.1,-5.06,low,,low,,low,,not_permeable,medium,moderate,0,A
CCCC(OC1CCC(CC2CCCC(O)C2)C1)n1c(=O)[nH]c(=O)c2c3c(ccc21)CCCC3,468.6,4.99,84.3,-6.36,low,,low,,low,,not_permeable,high,poor,2,B
CCCC(OC1CCC(CCC(N)=O)C1)n1c(=O)[nH]c(=O)c2c(CC)cccc21,401.5,3.0,107.2,-4.43,low,,low,,low,,not_permeable,low,good,0,A
CCCC(OC1CCC(CCCC(=O)O)C1)n1c(=O)[nH]c(=O)c2c(CC)cccc21,416.5,3.99,101.4,-5.23,low,,low,,low,,not_permeable,high,moderate,1,B
CCCC(OC1CCC(CCCC(N)=O)C1)n1c(=O)[nH]c(=O)c2c(CC)cccc21,415.5,3.39,107.2,-4.78,low,,low,,low,,not_permeable,low,moderate,0,A
CCCC(OC1CCC(Cc2c(C)cccc2O)C1)n1c(=O)[nH]c(=O)c2c(CC)cccc21,450.6,4.99,84.3,-6.29,low,,low,,low,,not_permeable,high,poor,2,B
CCCC(OC1CCC(Cc2ccccc2)C1)n1c(=O)[nH]c(=O)c2c(CC)cccc21,420.6,4.98,64.1,-6.1,low,,low,,low,,not_permeable,high,poor,2,B
CCCC1C(O)C(F)=C2N1CC1OC(=O)C=C3c4cc5ccccc5cc4N2N31,393.4,3.1,56.3,-4.61,high,tertiary_amine,medium,hydrazine,low,,permeable,low,moderate,3,C
CCCC1CC(COc2ccccc2)=C2c3cc4c(c5c(=O)[nH]c(=O)n(c35)CC21)CCCC4,442.6,4.85,64.1,-6.2,low,,low,,low,,not_permeable,high,poor,2,B
CCCC1COc2cc(C(N)=O)ccc2OCCO1,265.3,1.74,70.8,-2.76,low,,low,,low,,permeable,low,good,0,A
CCCCC1CC2=C3Nc4cc(OC)ccc4-c4c3n(c(=O)[nH]c4=O)CC2C1C,393.5,3.82,76.1,-5.13,low,,low,,medium,aromatic_amine,permeable,medium,moderate,1,B
CCCCc1ccc(OC)cc1NC(=O)c1cccc(O)c1,299.4,4.0,58.6,-4.66,low,,low,,low,,permeable,medium,moderate,0,A
CCCc1ccccc1COC1CC2=C3Nc4cc(OC)ccc4-c4c3n(c(=O)[nH]c4=O)CC2C1C,485.6,4.56,85.3,-6.24,low,,low,,medium,aromatic_amine,not_permeable,high,poor,3,C
CCOC(=O)C1=CC=C2CCN(CC3OCCC3c3ccc(COc4ccc(O)cc4)cc3)CC2C1,489.6,4.99,68.2,-6.48,high,tertiary_amine,low,,low,,not_permeable,high,poor,4,C
CCOC(COc1cccc(C(N)=O)c1)CC(C)CC,279.4,3.01,61.6,-3.64,low,,low,,low,,permeable,low,good,0,A
CCOc1cc(-c2ccccc2C)cc2c1CNC1CC1O2,295.4,3.68,30.5,-4.47,high,basic_secondary_amine,low,,low,,permeable,medium,good,2,B
CCOc1cc(C(O)C(=O)OCC(=O)O)cc(N2CCC(C)OC2=O)c1,367.4,1.48,122.6,-3.09,low,,low,,low,,not_permeable,low,good,0,A
CCOc1cc2c(c3c1CN1CCC(C1)O3)C1C=CC(=O)NC1c1cccc(C)c1-2,402.5,3.85,50.8,-5.24,high,tertiary_amine,low,,low,,permeable,medium,moderate,2,B
CCOc1cc2c(c3c1CN1CCC(C1)O3)CCc1cccc(C)c1-2,335.4,4.13,21.7,-5.05,high,tertiary_amine,low,,low,,not_permeable,medium,moderate,2,B
CCc1ccc2c3c1C(C(=O)O)CC(O)C(C)C3OC1CCCCC21,344.5,3.92,66.8,-4.87,low,,low,,low,,not_permeable,high,moderate,1,B
CCc1ccc2c3c1C(C(=O)O)CC1CCCC1C3OC1CC(F)CNC21,373.5,4.05,58.6,-5.14,medium,basic_secondary_amine,low,,low,,not_permeable,high,moderate,2,B
CCc1ccc2c3c1C(C(=O)O)CC1OCC(=O)CC1C3OC(CO)C2=O,374.4,1.41,110.1,-3.17,low,,low,,low,,not_permeable,low,good,0,A
CCc1ccc2c3c1c(=O)[nH]c(=O)n3C1CCCC1N2,271.3,1.77,66.9,-2.93,low,,low,,medium,aromatic_amine,permeable,low,good,1,B
CCc1cccc2c1c(=O)[nH]c(=O)n2C(CC)OC1CCC(CC(C)C)C1,372.5,4.39,64.1,-5.33,low,,low,,low,,not_permeable,medium,moderate,0,A
CCc1cccc2c1c(=O)[nH]c(=O)n2C(CCO)OC1CCC(CC)C1,360.5,2.73,84.3,-4.02,low,,low,,low,,permeable,low,good,0,A
CCc1cccc2c1c(=O)[nH]c(=O)n2CCC(=O)NCCC(C)C,331.4,1.8,84.0,-3.17,low,,low,,low,,permeable,low,good,0,A
CCc1cccc2c1c(=O)[nH]c(=O)n2CCC(=O)NCCc1ccccc1,365.4,2.0,84.0,-3.59,low,,low,,low,,permeable,low,good,0,A
CCc1cccc2c1c(=O)[nH]c(=O)n2CCC(=O)NCCc1ccccc1C,379.5,2.31,84.0,-3.9,low,,low,,low,,permeable,low,good,0,A
CN1CC(CO)=CC2=C1C=CN(c1nc(=O)n3c(c1F)N(c1ccc4ccccc4c1)CCC3)C2,471.5,3.53,64.8,-5.44,high,tertiary_amine,low,,low,,not_permeable,medium,moderate,2,B
CN1CC=CC2=C1C=CN(c1nc(=O)n3c(c1F)N(c1ccc4ccccc4c1)CCC3)C2,441.5,4.17,44.6,-5.76,high,tertiary_amine,low,,low,,not_permeable,medium,moderate,2,B
CN1NC=CC2=C1C=CN(c1nc(=O)n3c(c1F)N(c1ccc4ccccc4c1)CCC3)C2,442.5,3.63,56.6,-5.36,high,tertiary_amine;basic_secondary_amine,medium,hydrazine,low,,permeable,medium,moderate,3,C
COC1=CC2CN(CC3OCCC3c3ccc(COc4ccc(O)cc4)cc3)C(=O)CN2C1,450.5,2.9,71.5,-4.72,medium,tertiary_amine,low,,low,,not_permeable,low,moderate,1,B
COCC1CCc2c(cc3c(c2O)CCc2ccccc2-3)C1,294.4,3.91,29.5,-4.65,low,,low,,low,,permeable,medium,moderate,0,A
COCC=C1C=CCN(CC2OCCC2c2ccc(COc3ccc(O)cc3)cc2)C1,421.5,4.29,51.2,-5.55,high,tertiary_amine,low,,low,,not_permeable,medium,moderate,2,B
COCc1cnc2c(c1)CN(c1nc(=O)n3c(c1F)N(c1ccc4ccccc4c1)CCC3)C=C2,469.5,4.61,63.5,-6.27,low,,medium,pyridine_like,low,,not_permeable,high,poor,3,C
COc1cc(-c2cc(O)ccc2C)cc2c1CN1CCCC1CO2,325.4,3.73,41.9,-4.7,high,tertiary_amine,low,,low,,permeable,medium,moderate,2,B
COc1cc(-c2cccc(O)c2)cc2c1CN1CCCC1CO2,311.4,3.42,41.9,-4.39,high,tertiary_amine,low,,low,,permeable,low,good,2,B
COc1cc(-c2cccc(OCCC(=O)NC(C)=O)c2)cc2c1CN1CCCC1CO2,424.5,3.15,77.1,-4.77,high,tertiary_amine,low,,low,,permeable,low,moderate,2,B
COc1cc(-c2cccc(OCCC(=O)O)c2)cc2c1CN1CCCC1CO2,383.4,3.57,68.2,-4.83,high,tertiary_amine,low,,low,,not_permeable,high,moderate,3,C
COc1cc(-c2ccccc2)cc2c1CN1CCCC1CO2,295.4,3.72,21.7,-4.52,high,tertiary_amine,low,,low,,permeable,medium,moderate,2,B
COc1cc(-c2ccccc2C)cc2c1CN1CCCC1CO2,309.4,4.03,21.7,-4.83,high,tertiary_amine,low,,low,,not_permeable,medium,moderate,2,B
COc1cc(F)c2c(n1)CNC(CNC(=O)CCn1c(=O)[nH]c(=O)c3c4c(ccc31)CCCC4)CC2,495.6,1.72,118.1,-4.18,low,basic_secondary_amine,medium,pyridine_like,low,,not_permeable,low,good,1,B
COc1ccc(C)c(-c2cc(OC)c3c(c2)OCC2CCCN2C3)c1,339.4,4.04,30.9,-4.99,high,tertiary_amine,low,,low,,not_permeable,medium,moderate,2,B
COc1ccc2c(c1)CCN(CC1OCCC1c1ccc(COc3ccc(O)cc3)cc1)C2,445.6,4.91,51.2,-6.24,high,tertiary_amine,low,,low,,not_permeable,high,poor,4,C
COc1ccc2c(c1)NC1=C3CC(OCc4ccccc4)C(C)C3Cn3c1c-2c(=O)[nH]c3=O,443.5,3.6,85.3,-5.33,low,,low,,medium,aromatic_amine,permeable,medium,moderate,1,B
COc1cccc(-c2cc(OC)c3c(c2)OCC2CCCN2C3)c1,325.4,3.73,30.9,-4.68,high,tertiary_amine,low,,low,,permeable,medium,moderate,2,B
COc1cccc(-c2coc3c2CC(CC(O)CO)=CC=C3)c1,312.4,3.19,62.8,-4.14,low,,medium,furan,low,,permeable,low,good,1,B
COc1cccc(-c2coc3c2CC2=C(C=C3)C3CC3(O)CC2)c1,320.4,4.37,42.6,-5.13,low,,medium,furan,low,,not_permeable,medium,moderate,1,B
COc1cccc(-c2coc3c2CC2=C(C=C3)CCC(O)CC2)c1,322.4,4.76,42.6,-5.43,low,,medium,furan,low,,not_permeable,high,moderate,2,B
COc1cccc(CC(=O)NC2=C3CC(c4cccc(C(=O)O)c4)=CC=C3C=C2)c1C,413.5,4.6,75.6,-5.77,low,,low,,low,,not_permeable,high,moderate,1,B
COc1cccc(CC(=O)NC2=C3CC(c4ccccc4)=CC=C3C=C2)c1C,369.5,4.9,38.3,-5.75,low,,low,,low,,not_permeable,high,moderate,1,B
COc1cccc(CC(=O)NC2=C3CC=CC=C3C=C2)c1C,293.4,3.37,38.3,-4.11,low,,low,,low,,permeable,low,good,0,A
COc1cccc(CC(=O)NC2=CC(=CC=Cc3ccccc3)C=C2)c1C,357.5,4.76,38.3,-5.55,low,,low,,low,,not_permeable,high,moderate,1,B
COc1cccc(CC(=O)Nc2cccc(C(=O)NC3CCNCC3)c2)c1C,381.5,2.67,79.5,-4.15,medium,basic_secondary_amine,low,,low,,permeable,low,good,1,B
COc1cccc(CC(=O)Nc2ccccc2)c1C,255.3,3.18,38.3,-3.85,low,,low,,low,,permeable,low,good,0,A
COc1cccc(CC(=O)Nc2ccccc2C(=O)N2C3=CC(CO)C=C3C3CC=CC=C32)c1C,468.6,4.53,78.9,-6.06,high,tertiary_amine,low,,low,,not_permeable,high,poor,4,C
COc1cccc(CC(=O)Nc2ccccc2C(=O)NC2=C3CCN(C)C=C3C=C2CCCO)c1C,487.6,4.1,90.9,-5.79,high,tertiary_amine,low,,low,,not_permeable,medium,moderate,2,B
COc1cccc(CC(=O)Nc2ccccc2C(=O)NC2=Cc3ccccc3CC2)c1C,426.5,4.9,67.4,-6.14,low,,low,,low,,not_permeable,high,poor,2,B
COc1cccc(CC(=O)Nc2ccccc2C(=O)Nc2ccccc2)c1C,374.4,4.44,67.4,-5.49,low,,low,,low,,not_permeable,medium,moderate,0,A
COc1cccc(CC(=O)Nc2ccccc2C(=O)O)c1C,299.3,2.88,75.6,-3.85,low,,low,,low,,not_permeable,low,good,0,A
COc1cccc(CCC(=O)CC(O)C2CCc3ccccc32)c1,324.4,3.68,46.5,-4.54,low,,low,,low,,permeable,medium,moderate,0,A
COc1cccc(CNc2nc(=O)n3c(c2F)N(c2ccc4ccccc4c2)CC3)c1C,430.5,4.62,59.4,-6.02,low,,low,,medium,aromatic_amine,not_permeable,high,poor,3,C
Cc1[nH]nc2c1CC(OC1C=C3Oc4c(cccc4N4CC5=CC=CCC5OC4=O)OC3C1O)CC2,489.5,3.27,106.1,-5.31,low,,low,,low,,not_permeable,low,moderate,0,A
Cc1cc(C(O)C(F)(F)F)cc2c1CCC(O)C2,260.3,2.44,40.5,-3.29,low,,low,,medium,polyhalogen,permeable,low,good,1,B
Cc1cc(O)cc2c1Oc1c(cccc1N1CC3CCCCC3OC1=O)C2,365.4,4.91,59.0,-5.83,low,,low,,low,,not_permeable,high,moderate,1,B
Cc1cc(Oc2ccccc2)cc(C(=O)N2CCCC(C)C2)c1,309.4,4.66,29.5,-5.27,high,tertiary_amine,low,,low,,not_permeable,high,moderate,3,C
Cc1cc2c(cc1O)CN(CC1OCCC1c1ccc(COc3ccc(O)cc3)cc1)CC2,445.6,4.92,62.2,-6.27,high,tertiary_amine,low,,low,,not_permeable,high,poor,4,C
Cc1cc2c(nn1)C=CN(c1nc(=O)n3c(c1F)N(c1ccc4ccccc4c1)CCC3)C2,440.5,4.17,67.2,-5.81,low,,low,,low,,not_permeable,medium,moderate,0,A
Cc1ccc(CCC(N)=O)cc1COc1ccc(Oc2ccccc2F)cc1O,395.4,4.63,81.8,-5.72,low,,low,,low,,not_permeable,high,moderate,1,B
Cc1ccc2c(n1)C(CC1C(=O)N3CCC4Cc5cc6ccccc6cc5N4C3=C1F)OCC2=O,469.5,4.62,62.7,-6.26,high,tertiary_amine,medium,pyridine_like,low,,not_permeable,high,poor,5,C
Cc1ccccc1CNc1nc(=O)n2c(c1F)N(c1ccc3ccccc3c1)CC2,400.5,4.61,50.2,-5.86,low,,low,,medium,aromatic_amine,not_permeable,high,moderate,2,B
Cc1ccccc1OC1CCc2cc(O)cc3c2C1Cc1c(-c2ccccc2)c(=O)oc(=O)n1-3,453.5,4.51,81.7,-6.14,low,,low,,low,,not_permeable,high,poor,2,B
FC(F)(F)Oc1ccccc1Cc1ccccc1,252.2,4.18,9.2,-4.6,low,,low,,medium,polyhalogen,not_permeable,medium,moderate,1,B
NC(=O)C(Nc1cccc(O)c1)c1cccc(Cc2ccccc2OC(F)(F)F)c1,416.4,4.52,84.6,-5.78,low,,low,,medium,aromatic_amine;polyhalogen,not_permeable,high,moderate,2,B
NC(=O)C(Nc1ccccc1)c1cccc(Cc2ccccc2OC(F)(F)F)c1,400.4,4.81,64.4,-5.91,low,,low,,medium,aromatic_amine;polyhalogen,not_permeable,high,moderate,2,B
NC(=O)C(c1cccc(Cc2ccccc2OC(F)(F)F)c1)N1C=CC=CC1,388.4,4.09,55.6,-5.25,high,tertiary_amine,low,,medium,polyhalogen,not_permeable,medium,moderate,3,C
NC(=O)C1CCC(COC2CCc3cccc4c3C2Cc2c(-c3ccccc3)c(=O)oc(=O)n2-4)O1,474.5,2.46,113.8,-4.64,low,,low,,low,,not_permeable,low,moderate,0,A
NC(=O)NC(=O)CCOc1cccc2c(O)c3c(cc12)C=C(C(=O)O)CC3,370.4,1.92,138.9,-3.53,low,,low,,low,,not_permeable,low,good,0,A
NC(=O)c1ccc(NC(=O)CC2Oc3c(cccc3N3CC4CCCCC4OC3=O)CC2=O)cc1,477.5,3.2,128.0,-5.15,low,,low,,low,,not_permeable,low,moderate,0,A
NC(=O)c1ccc2c(c1)CCN(CC1OCCC1c1ccc(COc3ccc(O)cc3)cc1)C2,458.6,4.0,85.0,-5.64,high,tertiary_amine,low,,low,,not_permeable,medium,moderate,2,B
NC(=O)c1ccc2c(c1)Oc1ccccc1OC1OCCNC21,312.3,1.96,82.8,-3.33,low,basic_secondary_amine,low,,low,,permeable,low,good,0,A
NC(=O)c1ccc2c(c1)Oc1ccccc1OC1OCCOC21,313.3,2.38,80.0,-3.66,low,,low,,low,,permeable,low,good,0,A
NC(=O)c1ccc2c(c1)Oc1ccccc1OCC(=O)N2,284.3,1.91,90.7,-3.14,low,,low,,low,,not_permeable,low,good,0,A
NC1=NC2Cc3cc(-c4ccccc4)cc4c3N2C(N1)n1c(=O)oc2cccc-4c21,395.4,3.0,88.8,-4.7,high,basic_secondary_amine,low,,low,,permeable,low,moderate,2,B
NC1N=C2C=C1CCOc1cccc3c(O)c4c(cc13)C=C(CC4)C(=O)OCCCC2,418.5,4.04,94.1,-5.5,low,,low,,low,,not_permeable,medium,moderate,0,A
NCC(=O)CCCC1=CCc2c(cc3c4c2C(F)(F)C(O)=CN4CC(=O)N3)O1,391.4,2.47,104.9,-4.01,low,,low,,low,,not_permeable,low,good,0,A
Nc1[nH]nc2c1CC(OC1C=C3Oc4c(cccc4N4CC5=CC=CCC5OC4=O)OC3C1O)CC2,490.5,2.54,132.2,-4.78,low,,low,,medium,aromatic_amine,not_permeable,low,moderate,1,B
Nc1ncc(CNC(=O)CC2Oc3c(cccc3N3CC4CCCCC4OC3=O)CC2=O)cn1,465.5,2.15,136.7,-4.3,low,,low,,medium,aromatic_amine,not_permeable,low,good,1,B
Nc1nncc(-c2ccc(CC3Oc4c(cccc4N4CC5OCCCC5OC4=O)CC3=O)cc2)n1,487.5,2.74,129.8,-4.95,low,,low,,medium,aromatic_amine,not_permeable,low,moderate,1,B
O=C(CC1Oc2c(cccc2N2CC3CCCCC3OC2=O)CC1=O)NC1C=C(C(=O)O)C=CC1,480.5,2.92,122.2,-4.9,low,,low,,low,,not_permeable,low,moderate,0,A
O=C(CC1Oc2c(cccc2N2CC3CCCCC3OC2=O)CC1=O)NC1C=CC=CC1,436.5,3.47,84.9,-5.05,low,,low,,low,,permeable,low,moderate,0,A
O=C(CC1Oc2c(cccc2N2CC3CCCCC3OC2=O)CC1=O)NC1CCc2ncccc2C1,489.6,3.53,97.8,-5.49,low,,medium,pyridine_like,low,,not_permeable,medium,moderate,1,B
O=C(CC1Oc2c(cccc2N2CC3CCCCC3OC2=O)CC1=O)NC1CCc2nnccc2C1,490.6,2.93,110.7,-5.05,low,,low,,low,,not_permeable,low,moderate,0,A
O=C(CC1Oc2c(cccc2N2CC3CCCCC3OC2=O)CC1=O)NCC1CCCCC1,454.6,4.16,84.9,-5.66,low,,low,,low,,not_permeable,medium,moderate,0,A
O=C(CC1Oc2c(cccc2N2CC3CCCCC3OC2=O)CC1=O)NCC1CCCNC1,455.6,2.58,97.0,-4.49,medium,basic_secondary_amine,low,,low,,not_permeable,low,good,1,B
O=C(CC1Oc2c(cccc2N2CC3CCCCC3OC2=O)CC1=O)NCc1ccccc1,448.5,3.78,84.9,-5.4,low,,low,,low,,permeable,medium,moderate,0,A
O=C(CC1Oc2c(cccc2N2CC3CCCCC3OC2=O)CC1=O)NCc1cccnc1,449.5,3.18,97.8,-4.96,low,,medium,pyridine_like,low,,not_permeable,low,moderate,1,B
O=C(CC1Oc2c(cccc2N2CC3CCCCC3OC2=O)CC1=O)NCc1cncnc1,450.5,2.57,110.7,-4.52,low,,low,,low,,not_permeable,low,moderate,0,A
O=C(CC1Oc2c(cccc2N2CC3CCCCC3OC2=O)CC1=O)Nc1ccccc1,434.5,4.1,84.9,-5.58,low,,low,,low,,not_permeable,medium,moderate,0,A
O=C(CC1Oc2c(cccc2N2CC3CCCCC3OC2=O)CC1=O)Nc1ccccc1C(=O)O,478.5,3.8,122.2,-5.6,low,,low,,low,,not_permeable,high,moderate,1,B
O=C(CCO)CCC1CCc2c(cc3c(c2O)CCc2c(O)cccc2-3)C1,366.5,3.7,77.8,-4.85,low,,low,,low,,permeable,medium,moderate,0,A
O=C(CCOc1cccc2c(O)c3c(cc12)C=C(C(=O)O)CC3)Nc1ccc[nH]1,392.4,3.7,111.7,-5.01,low,,low,,low,,not_permeable,high,moderate,1,B
O=C(CCOc1cccc2c(O)c3c(cc12)C=C(C(=O)O)CC3)Nc1ccccc1,403.4,4.37,95.9,-5.59,low,,low,,low,,not_permeable,high,moderate,1,B
O=C(CCOc1cccc2c(O)c3c(cc12)C=C(C(=O)O)CC3)Nc1ccccn1,404.4,3.76,108.8,-5.15,low,,medium,pyridine_like,low,,not_permeable,high,moderate,2,B
O=C(CCc1cccc(CO)c1)CC(O)C1CCc2ccccc21,324.4,3.16,57.5,-4.16,low,,low,,low,,permeable,low,good,0,A
O=C(CCn1c(=O)[nH]c(=O)c2c3c(ccc21)CCCC3)NCC1CCc2ccc(O)nc2CN1,463.5,1.28,129.1,-3.68,low,basic_secondary_amine,medium,pyridine_like,low,,not_permeable,low,good,1,B
O=C(CCn1c(=O)[nH]c(=O)c2c3c(ccc21)CCCC3)NCC1CCc2cccnc2CN1,447.5,1.57,108.9,-3.8,low,basic_secondary_amine,medium,pyridine_like,low,,not_permeable,low,good,1,B
O=C(COc1cccc2c(O)c3c(cc12)-c1cc[nH]c(=O)c1CC3)N1CCCC1,390.4,3.0,82.6,-4.57,high,tertiary_amine,medium,pyridine_like,low,,permeable,low,moderate,3,C
O=C(NC1CCNC1=O)c1cc2c3c(c1)-c1cccc4oc(=O)n(c14)C1=C3N(CC=C1)C2,426.4,1.9,96.6,-3.98,low,tertiary_amine,low,,low,,not_permeable,low,good,0,A
O=C(NCc1cccc(Cl)c1)c1cc(Cc2ccccc2)c[nH]1,324.8,4.19,44.9,-5.05,low,,low,,low,,not_permeable,medium,moderate,0,A
O=C(NCc1cccc(Cl)c1)c1cccc(C=C(F)F)c1,307.7,4.51,29.1,-5.14,low,,low,,low,,not_permeable,high,moderate,1,B
O=C(NCc1ccccc1)c1cc2c3c(c1)-c1cccc4oc(=O)n(c14)C1=C3N(CC=C1)C2,433.5,4.22,67.5,-5.77,high,tertiary_amine,low,,low,,not_permeable,medium,moderate,2,B
O=C(Nc1cccc2c1OC(CC1CCCNC1)CC2)OC1CCCOC1,374.5,3.5,68.8,-4.7,medium,basic_secondary_amine,low,,low,,permeable,low,moderate,1,B
O=C(Nc1cccc2c1OC(CC1CCNCC1)CC2)OC1CCCOC1,374.5,3.5,68.8,-4.7,medium,basic_secondary_amine,low,,low,,permeable,low,moderate,1,B
O=C(Nc1cccc2c1OC(CCCC1=CC=C=C1)CC2)OC1CCCOC1,381.5,4.93,56.8,-5.75,low,,low,,low,,not_permeable,high,moderate,1,B
O=C(Nc1cccc2c1OCC(O)C2=O)OC1CCCOC1,307.3,1.35,94.1,-2.74,low,,low,,low,,not_permeable,low,good,0,A
O=C(Nc1cccc2c1OCC(O)C2O)OC1CCCOC1,309.3,1.2,97.3,-2.64,low,,low,,low,,not_permeable,low,good,0,A
O=C(O)C1=CC=C2CCN(CC3OCCC3c3ccc(COc4ccc(O)cc4)cc3)CC2C1,461.6,4.51,79.2,-5.97,high,tertiary_amine,low,,low,,not_permeable,high,moderate,3,C
O=C(O)C1=Cc2c(c(O)c3cccc4c3c2CCCCCCO4)CC1,338.4,4.45,66.8,-5.31,low,,low,,low,,not_permeable,high,moderate,1,B
O=C(O)C1=Cc2cc3c(OCCC4=CC=CC4)cccc3c(O)c2CC1,348.4,4.61,66.8,-5.39,low,,low,,low,,not_permeable,high,moderate,1,B
O=C(O)C1=Cc2cccc3c(C(F)(F)F)ccc(c23)C1,278.2,3.88,37.3,-4.54,low,,low,,medium,polyhalogen,not_permeable,high,moderate,2,B
O=C(O)CCC(O)CC1CCc2cccc(NC(=O)OC3CCCOC3)c2O1,393.4,2.72,114.3,-4.17,low,,low,,low,,not_permeable,low,good,0,A
O=C(O)Cc1ccc(CC(O)C(F)(F)F)cc1CC(=O)O,306.2,1.41,94.8,-2.69,low,,low,,medium,polyhalogen,not_permeable,low,good,1,B
O=C(O)c1cc(C(=O)N2CCCC2)cc2c1NCCCO2,290.3,1.82,78.9,-2.98,low,tertiary_amine,low,,medium,aromatic_amine,not_permeable,low,good,1,B
O=C(O)c1ccc2c(c1)CCN(CC1OCCC1c1ccc(COc3ccc(O)cc3)cc1)C2,459.5,4.6,79.2,-6.09,high,tertiary_amine,low,,low,,not_permeable,high,poor,4,C
O=C1C(Cc2ccc(F)cc2)C(F)=C2N1CCC1Cc3cc4ccccc4cc3N21,402.4,4.95,23.6,-6.11,high,tertiary_amine,low,,low,,not_permeable,high,poor,4,C
O=C1C(Cc2ccccc2)C(F)=C2N1CCC1Cc3cc4ccccc4cc3N21,384.5,4.81,23.6,-5.9,high,tertiary_amine,low,,low,,not_permeable,high,moderate,3,C
O=C1C(Cc2ccsc2)C(F)=C2N1CCC1Cc3cc4ccccc4cc3N21,390.5,4.88,23.6,-5.98,high,tertiary_amine,low,,low,,not_permeable,high,moderate,3,C
O=C1C(O)C(F)=C2N1CC1OCCC3c4cc5ccccc5cc4N2N13,353.4,2.02,56.2,-3.61,medium,tertiary_amine,medium,hydrazine,low,,permeable,low,good,2,B
O=C1C=C(CNC(=O)CC2Oc3c(cccc3N3CC4CCCCC4OC3=O)CC2=O)C=N1,451.5,2.12,114.4,-4.12,low,,low,,low,,not_permeable,low,good,0,A
O=C1C=C2c3cc4ccccc4cc3N3C4=C(F)C(O)C(=O)N4CC(O1)N23,365.3,1.46,73.3,-3.27,low,tertiary_amine,medium,hydrazine,low,,permeable,low,good,1,B
O=C1C=CNC(=O)C(COc2cccc3c(O)c4c(cc23)C=C(C(=O)O)CC4)N1,394.4,1.47,125.0,-3.36,low,,low,,low,,not_permeable,low,good,0,A
O=C1CCC(CC2C(=O)N3CCC4Cc5cc6ccccc6cc5N4C3=C2F)OC1,406.5,3.71,49.9,-5.14,high,tertiary_amine,low,,low,,permeable,medium,moderate,2,B
O=C1CCC(NC(=O)CC2Oc3c(cccc3N3CC4CCCCC4OC3=O)CC2=O)CCN1,469.5,2.25,114.0,-4.36,low,,low,,low,,not_permeable,low,good,0,A
O=C1CCC(O)CN1CC1OCCC1c1ccc(COc2ccc(O)cc2)cc1,397.5,2.83,79.2,-4.37,medium,tertiary_amine,low,,low,,permeable,low,good,1,B
O=C1CCCCN1CC1OCCC1c1ccc(COc2ccc(O)cc2)cc1,381.5,3.86,59.0,-5.03,high,tertiary_amine,low,,low,,permeable,medium,moderate,2,B
O=C1CCOc2cccc3c(O)c4c(cc23)C(=C(C(=O)O)CC4)CCCCCCCN1,423.5,4.57,95.9,-5.91,low,,low,,low,,not_permeable,high,moderate,1,B
O=C1CCOc2cccc3c(O)c4c(cc23)C(=C(C(=O)O)CC4)NCCCCCCN1,424.5,3.34,107.9,-5.0,high,basic_secondary_amine,low,,low,,not_permeable,low,moderate,2,B
O=C1CCc2c(cc3c(c2O)CCc2ccccc2-3)N1,265.3,3.04,49.3,-3.89,low,,low,,low,,permeable,low,good,0,A
O=C1CN2CC(=O)N(CC3OCCC3c3ccc(COc4ccc(O)cc4)cc3)CC2C=N1,449.5,1.97,91.7,-4.04,low,tertiary_amine,low,,low,,not_permeable,low,good,0,A
O=C1CN2CC(=O)N(CC3OCCC3c3ccc(COc4ccc(O)cc4)cc3)CC2CN1,451.5,1.49,91.3,-3.7,low,tertiary_amine,low,,low,,not_permeable,low,good,0,A
O=C1CN2CC(O)CC2CN1CC1OCCC1c1ccc(COc2ccc(O)cc2)cc1,438.5,2.12,82.5,-4.09,medium,tertiary_amine,low,,low,,permeable,low,good,1,B
O=C1CN2CCCC2CN1CC1OCCC1c1ccc(COc2ccc(O)cc2)cc1,422.5,3.15,62.2,-4.75,high,tertiary_amine,low,,low,,permeable,low,moderate,2,B
O=C1CN2Cc3cc(C(=O)NC4C(=O)OC5=CC=CCC54)cc4c3C2=C(N1)n1c(=O)oc2cccc-4c21,494.5,1.92,122.9,-4.39,low,tertiary_amine,low,,low,,not_permeable,low,good,0,A
O=C1CN2Cc3cc(C(=O)NC4CCCC4)cc4c3C2=C(N1)n1c(=O)oc2cccc-4c21,428.4,2.48,96.6,-4.41,medium,tertiary_amine,low,,low,,not_permeable,low,good,1,B
O=C1CN2Cc3cc(C(=O)NC4COC5=CC=CCC54)cc4c3C2=C(N1)n1c(=O)oc2cccc-4c21,480.5,2.39,105.8,-4.66,medium,tertiary_amine,low,,low,,not_permeable,low,moderate,1,B
O=C1CN2Cc3cc(C(=O)NC4COC5=CCCCC54)cc4c3C2=C(N1)n1c(=O)oc2cccc-4c21,482.5,2.62,105.8,-4.84,medium,tertiary_amine,low,,low,,not_permeable,low,moderate,1,B
O=C1CN2Cc3cc(C(=O)NC4COc5ccccc54)cc4c3C2=C(N1)n1c(=O)oc2cccc-4c21,478.5,2.67,105.8,-4.91,medium,tertiary_amine,low,,low,,not_permeable,low,moderate,1,B
O=C1CN2Cc3cc(C(=O)NCC4=C=CC=C4)cc4c3C2=C(N1)n1c(=O)oc2cccc-4c21,436.4,2.18,96.6,-4.22,medium,tertiary_amine,low,,low,,not_permeable,low,good,1,B
O=C1CN2Cc3cc(C(=O)NCC4C=CC=C4)cc4c3C2=C(N1)n1c(=O)oc2cccc-4c21,438.4,2.28,96.6,-4.3,medium,tertiary_amine,low,,low,,not_permeable,low,good,1,B
O=C1COC(CC2C(=O)N3CCC4Cc5cc6ccccc6cc5N4C3=C2F)c2ccccc21,454.5,4.92,49.9,-6.39,high,tertiary_amine,low,,low,,not_permeable,high,poor,4,C
O=C1COC(CC2C(=O)N3CCC4Cc5cc6ccccc6cc5N4C3=C2F)c2nccc(O)c21,471.5,4.02,83.0,-5.82,high,tertiary_amine,medium,pyridine_like,low,,not_permeable,medium,moderate,3,C
O=C1COC(CC2C(=O)N3CCC4Cc5cc6ccccc6cc5N4C3=C2F)c2ncccc21,455.5,4.31,62.7,-5.95,high,tertiary_amine,medium,pyridine_like,low,,not_permeable,medium,moderate,3,C
O=C1COC2CC3(Cc4ccc(O)c1c42)C(=O)N1CCC2Cc4cc5ccccc5cc4N2C1=C3F,482.5,4.55,70.1,-6.33,high,tertiary_amine,low,,low,,not_permeable,high,poor,4,C
O=C1COC2CC3(Cc4cccc1c42)C(=O)N1CCC2Cc4cc5ccccc5cc4N2C1=C3F,466.5,4.84,49.9,-6.45,high,tertiary_amine,low,,low,,not_permeable,high,poor,4,C
O=C1Cc2cccc(N3C=C4OCCCC4OC3=O)c2OC1Cc1ccc(-c2cnccn2)cc1,469.5,4.24,90.9,-5.95,low,,low,,low,,not_permeable,medium,moderate,0,A
O=C1Cc2cccc(N3C=C4OCCCC4OC3=O)c2OC1Cc1ccc(-c2cnncn2)cc1,470.5,3.63,103.7,-5.51,low,,low,,low,,not_permeable,medium,moderate,0,A
O=C1Cc2cccc(N3C=C4OCCCC4OC3=O)c2OC1Cc1ccc(-c2ncn[nH]2)cc1,458.5,3.56,106.6,-5.38,low,,low,,low,,not_permeable,medium,moderate,0,A
O=C1Cc2cccc(N3C=C4OCCCC4OC3=O)c2OC1Cc1ccc(C2=NC=NC2)cc1,457.5,3.61,89.8,-5.35,low,,low,,low,,not_permeable,medium,moderate,0,A
O=C1Cc2cccc(N3C=C4OCCCC4OC3=O)c2OC1Cc1ccc2ccccc2c1,441.5,4.93,65.1,-6.3,low,,low,,low,,not_permeable,high,poor,2,B
O=C1Cc2cccc(N3C=C4OCCCC4OC3=O)c2OC1Cc1ccccc1,391.4,3.78,65.1,-5.1,low,,low,,low,,permeable,medium,moderate,0,A
O=C1Cc2cccc(N3CC4CCCCC4OC3=O)c2OC1CC1CC(O)CCN1,414.5,2.58,88.1,-4.28,medium,basic_secondary_amine,low,,low,,permeable,low,good,1,B
O=C1Cc2cccc(N3CC4CCCCC4OC3=O)c2OC1CC1CCCCN1,398.5,3.61,67.9,-4.95,medium,basic_secondary_amine,low,,low,,permeable,medium,moderate,1,B
O=C1Cc2cccc(N3CC4CCCCC4OC3=O)c2OC1CC1CCCN1,384.5,3.22,67.9,-4.57,medium,basic_secondary_amine,low,,low,,permeable,low,moderate,1,B
O=C1Cc2cccc(N3CC4OCCCC4OC3=O)c2OC1Cc1ccc(-c2ccncn2)cc1,471.5,3.76,90.9,-5.61,low,,low,,low,,not_permeable,medium,moderate,0,A
O=C1Cc2cccc(N3CC4OCCCC4OC3=O)c2OC1Cc1ccc(-c2cnncn2)cc1,472.5,3.16,103.7,-5.17,low,,low,,low,,not_permeable,low,moderate,0,A
O=C1Cc2cccc(N3CC4OCCCC4OC3=O)c2OC1Cc1ccc2ccccc2c1,443.5,4.46,65.1,-5.96,low,,low,,low,,not_permeable,medium,moderate,0,A
O=C1Cc2cccc(N3CC4OCCCC4OC3=O)c2OC1Cc1ccccc1,393.4,3.31,65.1,-4.76,low,,low,,low,,permeable,low,moderate,0,A
O=C1Cc2cccc(OCC3=C4c5cc6c(c7c(=O)[nH]c(=O)n(c57)CC4CC3)CCCC6)c2N1,455.5,3.32,93.2,-5.19,low,,low,,low,,not_permeable,low,moderate,0,A
O=C1NN=C2CCC(OC3C=C4Oc5c(cccc5N5CC6=CC=CCC6OC5=O)OC4C3O)CC12,491.5,2.34,118.9,-4.58,low,,low,,low,,not_permeable,low,moderate,0,A
O=C1OC2CC=CC=C2CN1c1cccc2c1OC1=CC(OC3CCC4=NC=CCC4C3)C(O)C1O2,488.5,4.21,89.8,-5.95,low,,low,,low,,not_permeable,medium,moderate,0,A
O=C1OC2CC=CC=C2CN1c1cccc2c1OC1=CC(OC3CCc4ncccc4C3)C(O)C1O2,486.5,3.63,90.4,-5.57,low,,medium,pyridine_like,low,,not_permeable,medium,moderate,1,B
O=C1OC2CC=CC=C2CN1c1cccc2c1OC1=CC(Oc3ccccc3)C(O)C1O2,431.4,3.74,77.5,-5.32,low,,low,,low,,permeable,medium,moderate,0,A
O=C1OC2CCCC2CN1c1ccccc1OCC=Cc1c(O)cccc1F,383.4,4.75,59.0,-5.73,low,,low,,low,,not_permeable,high,moderate,1,B
O=C1OC2CCCCC2CN1c1cccc2c1OCC(O)C2,303.4,2.5,59.0,-3.59,low,,low,,low,,permeable,low,good,0,A
O=C1OC2CCCCC2CN1c1cccc2c1OCC(O)C2O,319.4,1.99,79.2,-3.31,low,,low,,low,,permeable,low,good,0,A
O=C1OC2CCCCC2CN1c1cccc2c1Oc1c(F)cc(O)cc1C2,369.4,4.74,59.0,-5.73,low,,low,,low,,not_permeable,high,moderate,1,B
O=C1OC2CCCCC2CN1c1cccc2c1Oc1ccc(O)cc1C2,351.4,4.6,59.0,-5.52,low,,low,,low,,not_permeable,high,moderate,1,B
O=C1OC2CCCOC2CN1c1cccc2c1OCC(O)O2,307.3,1.28,77.5,-2.71,low,,low,,low,,permeable,low,good,0,A
O=C1OCN=CCC2=NCC(=C2)CCOc2cccc3c(O)c4c(cc23)C=C1CC4,402.5,4.0,80.5,-5.38,low,,low,,low,,not_permeable,medium,moderate,0,A
O=c1[nH]c(=O)n(C2CCC(Nc3ccccc3)O2)c2ccc3c(c12)CCCC3,377.4,3.32,76.1,-4.73,low,,low,,medium,aromatic_amine,permeable,low,moderate,1,B
O=c1[nH]c(=O)n2c(c1F)N(c1ccc3ccccc3c1)CC2,297.3,1.98,58.1,-3.33,low,,low,,low,,permeable,low,good,0,A
O=c1[nH]c(=O)n2c3c(cc4c(c13)CCCC4)C1=C(COc3cccc4[nH]cnc34)CCC1C2,440.5,3.7,92.8,-5.41,low,,low,,low,,not_permeable,medium,moderate,0,A
O=c1[nH]c(=O)n2c3c(cc4c(c13)CCCC4)C1=C(COc3cccc4c3N=CC4)CCC1C2,439.5,4.08,76.5,-5.66,low,,low,,low,,not_permeable,medium,moderate,0,A
O=c1[nH]c(=O)n2c3c(cc4c(c13)CCCC4)C1=C(COc3ccccc3)CCC1C2,400.5,3.82,64.1,-5.24,low,,low,,low,,permeable,medium,moderate,0,A
O=c1[nH]c2cccc(OCC3=C4c5cc6c(c7c(=O)[nH]c(=O)n(c57)CC4CC3)CCCC6)c2[nH]1,456.5,2.99,112.7,-4.98,low,,low,,low,,not_permeable,low,moderate,0,A
O=c1[nH]ccc2c1CC1CN(CC3OCCC3c3ccc(COc4ccc(O)cc4)cc3)CCC1=C2,484.6,4.49,74.8,-6.18,high,tertiary_amine,medium,pyridine_like,low,,not_permeable,medium,poor,4,C
O=c1[nH]ccc2c1CCc1c-2cc2ccccc2c1O,263.3,3.0,53.1,-3.92,low,,medium,pyridine_like,low,,permeable,low,good,1,B
O=c1nc(N2C=Cc3ncc(CO)cc3C2)c(F)c2n1CCCN2c1ccc2ccccc2c1,455.5,3.96,74.5,-5.72,low,,medium,pyridine_like,low,,not_permeable,medium,moderate,1,B
O=c1nc(N2C=Cc3ncccc3C2)c(F)c2n1CCCN2c1ccc2ccccc2c1,425.5,4.46,54.3,-5.94,low,,medium,pyridine_like,low,,not_permeable,medium,moderate,1,B
O=c1nc(N2CCCC2)c(F)c2n1CCN2c1ccc2ccccc2c1,350.4,3.29,41.4,-4.57,low,,low,,low,,permeable,low,moderate,0,A
O=c1nc(N2CCc3[nH]ccc3C2)c(F)c2n1CCCN2c1ccc2ccccc2c1,415.5,3.97,57.2,-5.51,low,,low,,low,,permeable,medium,moderate,0,A
O=c1nc(N2CCc3ncccc3C2)c(F)c2n1CCCN2c1ccc2ccccc2c1,427.5,4.04,54.3,-5.64,low,,medium,pyridine_like,low,,not_permeable,medium,moderate,1,B
O=c1nc(NCc2ccccc2)c(F)c2n1CCN2c1ccc2ccccc2c1,386.4,4.3,50.2,-5.55,low,,low,,medium,aromatic_amine,not_permeable,medium,moderate,1,B
O=c1oc(=O)n2c(c1-c1ccccc1)CC1c3c(cc(O)cc3-2)CCC1OC1CCCCC1,445.5,4.47,81.7,-6.0,low,,low,,low,,not_permeable,medium,poor,1,B
O=c1oc(=O)n2c(c1-c1ccccc1)CC1c3c(cc(O)cc3-2)CCC1OC1CCc2ccccc2C1,493.6,4.69,81.7,-6.51,low,,low,,low,,not_permeable,high,poor,2,B
O=c1oc(=O)n2c(c1-c1ccccc1)CC1c3c(cccc3-2)CCC1OC1CCCCC1,429.5,4.76,61.4,-6.12,low,,low,,low,,not_permeable,high,poor,2,B
OCc1ccc(F)c(Oc2ccc(-c3cccc(F)c3)cc2)c1,312.3,4.92,29.5,-5.55,low,,low,,low,,not_permeable,high,moderate,1,B
OCc1ccc(F)c(Oc2ccc(-c3ccccc3)cc2)c1,294.3,4.78,29.5,-5.35,low,,low,,low,,not_permeable,high,moderate,1,B
Oc1cc(Oc2ccccc2F)ccc1-c1ccc(F)cn1,299.3,4.52,42.4,-5.21,low,,medium,pyridine_like,low,,not_permeable,high,moderate,2,B
Oc1cc(Oc2ccccc2F)ccc1-c1ccc[nH]1,269.3,4.32,45.2,-4.88,low,,low,,low,,not_permeable,medium,moderate,0,A
Oc1ccc(OCc2ccc(C(F)(F)F)cc2)cc1,268.2,3.99,29.5,-4.55,low,,low,,medium,polyhalogen,permeable,medium,moderate,1,B
Oc1ccc(OCc2ccc(C3CCOC3)cc2)cc1,270.3,3.48,38.7,-4.15,low,,low,,low,,permeable,low,good,0,A
Oc1ccc(OCc2ccc(C3CCOC3CN3CCCCC3)cc2)cc1,367.5,4.33,41.9,-5.3,high,tertiary_amine,low,,low,,not_permeable,medium,moderate,2,B
Oc1ccc(OCc2ccc(C3CCOC3CN3CCN(C4CCNCC4)CC3)cc2)cc1,451.6,3.21,57.2,-4.95,high,tertiary_amine;basic_secondary_amine,low,,low,,not_permeable,low,moderate,2,B
Oc1ccc(OCc2ccc(C3CCOC3CN3CCN(Cc4ccc(O)cc4F)CC3)cc2)cc1,492.6,4.51,65.4,-6.2,high,tertiary_amine,low,,low,,not_permeable,high,poor,4,C
Oc1ccc(OCc2ccc(C3CCOC3CN3CCN(Cc4ccccc4)CC3)cc2)cc1,458.6,4.66,45.2,-6.11,high,tertiary_amine,low,,low,,not_permeable,high,poor,4,C
Oc1ccc(OCc2ccc(C3CCOC3CN3CCN(Cc4ccccc4F)CC3)cc2)cc1,476.6,4.8,45.2,-6.32,high,tertiary_amine,low,,low,,not_permeable,high,poor,4,C
Oc1ccc(OCc2ccc(C3CCOC3CN3CCc4ccccc4C3)cc2)cc1,415.5,4.9,41.9,-6.08,high,tertiary_amine,low,,low,,not_permeable,high,poor,4,C
Oc1ccc2c(c1)OC(F)(C(F)(F)F)C2(F)F,258.1,3.1,29.5,-3.8,low,,low,,medium,polyhalogen,permeable,low,good,1,B
Oc1cccc2c1CCc1c-2cc2ccccc2c1O,262.3,4.02,40.5,-4.66,low,,low,,low,,not_permeable,medium,moderate,0,A
Oc1ccccc1OC1OCC(O)C2CCCC12,250.3,1.9,58.9,-2.81,low,,low,,low,,permeable,low,good,0,A
