new_rank,old_rank,assayability,reasons,综合分调整后,vina_kcal,qed,smiles
1,2,green,logS=-4.35,0.8937,-12.89,0.8568,CNC(=O)CN1Cc2ccc3c4c5c(cc(c24)C1)C(=O)CC1CCOCC(C3)C51
2,10,green,logS=-4.26,0.8624,-12.75,0.8062,CNC(=O)C1CCC2C3Cc4cc(C(=O)O)cc5c4-c4c(ccc(c43)CN12)CC5=O
3,23,green,logS=-4.49,0.8298,-11.95,0.8827,CC(C)Nc1nc(=O)n2c3c(cc4c(c13)CCC(=O)C4)OC1CCCCC12
4,27,green,logS=-4.23,0.8244,-12.25,0.8099,O=C(c1cc2ccc3c(c2cc1O)CC1COC2CCN(C3=O)C12)N1CCCC1
5,28,green,logS=-3.86,0.8236,-11.83,0.891,CNC(=O)CN1Cc2ccc3ccc4c5c3c2C(CC5CC(=O)N(C)C4)C1
6,1,yellow,logS=-5.35,0.8206,-13.42,0.7974,CC1=CC2Cc3cccc4c3C3=C(CNC(=C32)O1)CN4C(=O)C1(C)CCCC1
7,3,yellow,logS=-4.62,0.8014,-13.2,0.7873,CNC(=O)C1CCC2C3Cc4cc(C(C)=O)cc5c4-c4c(ccc(c43)CN12)CC5=O
8,4,yellow,logS=-4.51,0.7969,-12.89,0.8363,CNC(=O)CN1Cc2ccc3c4c5c(cc(c24)C1)C(C)C(=O)C1CCOCC(C3)C51
9,5,yellow,soft:enone_michael,0.7956,-12.63,0.8839,O=C(O)CN1Cc2ccc3c4c5c(cc(c24)C1)C=NC(=O)C5=C1C=CC=CC13
10,6,yellow,soft:enone_michael,0.7865,-12.82,0.821,O=C(O)CN1Cc2ccc3c4c5c(cc(c24)C1)COC(=O)C5=C1C=CC=CC13
11,7,yellow,logS=-4.70,0.7836,-12.34,0.9081,CNC(=O)CN1Cc2ccc3cccc4c3c2C(C1)CC41CCCC1
12,8,yellow,soft:enone_michael,0.7817,-12.51,0.8692,CNC(=O)C1=C2C=CC=CC2c2ccc3c4c(ccc1c24)CN(CC(=O)O)C3
13,9,yellow,logS=-4.56,0.7782,-12.44,0.8731,CC1OCC2CC3CN(CC(=O)O)C(=O)c4cc5cccc6c5c(c43)C2C1C6
14,11,yellow,soft:enone_michael,0.7646,-12.42,0.8394,CN(C)C(=O)CC1CCC2c3cc(O)c4c5c3C(CC(=O)C5=CCC4)CC2C1
15,12,yellow,soft:enone_michael,0.7606,-12.35,0.842,CNC(=O)CN1Cc2ccc3c4c2C(CC2CC(=O)N=C5CC=C(C3=O)C5=C42)C1
16,13,yellow,logS=-5.16,0.7577,-12.81,0.7432,CC1Nc2cccc3c2-c2nc4c(cc21)C(N1CCCC1)=NCN4COCCC3
17,14,yellow,logS=-4.84,0.7566,-12.12,0.8765,CC1CC2(C)CCc3c2c2c(cccc2c(=O)n3C(=O)CC(C)(C)C(=O)O)O1
18,15,yellow,logS=-5.25,0.7538,-12.34,0.8251,CC1(C)CCN2C(=O)N(CC3CCCC(=O)N3)c3ccc4c5c(cc1c2c35)OCC4
19,16,yellow,logS=-5.56,0.753,-12.1,0.8705,CCC1CCC2c3c(ccc4c3CN(CC(=O)O)C4)-c3ccccc3C12
20,17,yellow,logS=-5.22,0.7524,-12.29,0.831,CC(=O)NC1CCC2c3ccc4c5c3C(COc3cccc(c3-5)OC4)C2C1
21,18,yellow,logS=-4.65,0.7508,-12.47,0.791,CC1=C2OC(N3CCCCC3=O)CC(=O)N2c2cccc3cc(C(=O)O)c(O)c1c23
22,19,yellow,logS=-4.92,0.7505,-12.03,0.8772,CC1=CC2(C)CCc3c2c2c(cccc2c(=O)n3C(=O)CC(C)(C)C(=O)O)O1
23,20,yellow,logS=-5.20,0.7499,-12.34,0.8142,O=c1nc2c3c4c(cnc3n1C1CCCCC1)CC(O)=CC4=C1CCCCN12
24,21,yellow,soft:enone_michael,0.7488,-12.45,0.7895,O=C1C(O)=CCC2=C1C1=CCc3cc4c(c5ccc(c1c35)C2=O)CCN(CCO)C4=O
25,22,yellow,logS=-4.94,0.7486,-12.26,0.8265,O=C1CCOc2cc3c(cc21)CC1=C2CCC(C(=O)O)N2Cc2cccc-3c21
26,24,yellow,logS=-5.04,0.7453,-12.34,0.8015,CC12C3CCCC(=O)N1CCC(CN1Cc4cccc5cccc(c45)C1=O)C32
27,25,yellow,logS=-5.14,0.7431,-12.08,0.8468,CC1(C)CCC(O)N1c1cc2c3c(c1)-c1ccccc1CC3COC2
28,26,yellow,soft:enone_michael,0.7427,-12.19,0.8239,Cc1[nH]c2c3c(nc(=O)n2C2CCCCC2)N2CCCC4CC(=O)C(=C42)Cc13
29,30,yellow,logS=-5.55,0.7379,-12.05,0.8382,CC=Cc1ccc2c(NC(=O)N3CCN4C(=O)CCCCC4C3)cccc2c1
30,29,yellow,logS=-5.26,0.7379,-11.97,0.8541,CCc1c(O)c2c3c(ncc4c3c1CC(C)C4=O)N(C1CCCCC1)C(=O)C2
31,31,yellow,logS=-5.01,0.7372,-12.33,0.781,CC(=O)N1C=C2CC(=O)NC=C2c2cc(O)c3c(N4CCCCC4)cccc3c21
32,32,yellow,logS=-5.54,0.7369,-12.22,0.802,CC(=O)NC1CCC2c3ccc4c5c3C(COc3cc(C)cc(c3-5)OC4)C2C1
33,33,yellow,logS=-4.79,0.7363,-12.58,0.729,CN1C(=O)N2C(=CC3CC(N4CCCCC4=O)CCC32)C2=C1NC1=CC=CCC1=C2
34,34,yellow,soft:enone_michael,0.7361,-11.99,0.8452,CN(C)C(=O)CC1CCC2c3cc(O)c4c5c3C(=CC(=O)C5=CCC4)CC2C1
35,35,yellow,logS=-5.56,0.7349,-12.29,0.7826,CC1C=C2c3cc(O)c4c5c3C(C)(CCCn5c(=O)n4C3CCCCC3)CN2C1
36,36,yellow,logS=-5.22,0.7333,-11.92,0.8512,CC1Cc2ccc3c4c(cc5c(c24)C1=CC(C)C5O)CC(CC(=O)O)C3
37,38,yellow,soft:enone_michael,0.7328,-12.1,0.8142,Cc1ccc2c3c1Nc1[nH]c(=O)n(C4CCCCC4)c(=O)c1C3C=CC2=O
38,37,yellow,soft:enone_michael,0.7328,-12.09,0.8162,CNC(=O)C1(C)CCCC(n2cc3c(O)c(C)cc4c3c(c2=O)C=C(C)C4=O)C1
39,39,yellow,logS=-5.57,0.732,-12.48,0.7367,CC1=CC2=C3CCCCN3c3nc(=O)n(C4CCCCC4)c4ncc(c2c34)C1
40,41,yellow,logS=-5.08,0.7313,-12.35,0.7607,CC1CCN2C(=O)Cc3cnc4c5c(cc1c2c35)CC(=O)N4C1CCCCC1
41,40,yellow,logS=-5.81,0.7313,-12.41,0.749,CC1CCc2c3c(c4ccc(O)cc4c21)CC(N1C(=O)CCCC1C)C(O)=C3
42,42,yellow,logS=-5.08,0.7313,-12.58,0.715,Cc1ccc2n(c1=O)-c1ccc3c([nH]c(=O)n3C3CCCCC3)c1C1CC21
43,43,yellow,logS=-5.66,0.7303,-12.29,0.7695,C=C1C=C(C2CCCC2)c2cc(NC(=O)CC3C(=O)N(C)CCC3C)cc(O)c2C1
44,44,yellow,logS=-5.11,0.7298,-11.91,0.8435,CCC1CCc2c3c(c4c(=O)n(C5CCCCC5)c(=O)[nH]c4c2C)NCC31
45,45,yellow,soft:enone_michael,0.7297,-11.59,0.9065,COc1cc2c3c4c5c(cc3c1)CC(CC(=O)O)C(=O)N5CCC4=CC2=O
46,46,yellow,logS=-5.33,0.7284,-12.59,0.7051,CNC(=O)C1CCCN1C(=O)c1ccc2ccc3c(c2c1)COc1c(F)cccc1-3
47,47,yellow,soft:enone_michael,0.7281,-11.64,0.892,CNC(=O)CN1Cc2ccc3c4c2C(CC2CCC(C)C(=CC3=O)C42)C1
48,48,yellow,logS=-5.31,0.728,-12.18,0.7851,Cc1c2c(c3c4c1NC(=O)N(C1CCCCC1)C4CC(O)C3)CCCC2
49,49,yellow,logS=-5.10,0.7277,-11.96,0.8278,Cc1c(C(=O)O)cc2c3c1CC1CCC4CCC(=O)C5C(CC2)C3C1C45
50,50,yellow,logS=-5.24,0.7268,-11.87,0.8428,O=C1CCCCN1CC1CCC2c3c(ccc4c3-c3c(cccc3C2O)CO4)O1
