rank,综合分,vina_kcal,qed,sa,mw,murcko,smiles
1,,-12.88,0.574,2.788,489.53,O=c1c2cc(-c3ccc4c(c3)CNCC4)ccc2nc2n1CCNC2,CN1CCn2c(nc3ccc(-c4ccc5c(c4)CN(C(=O)CCC(=O)NC(=O)O)CC5)cc3c2=O)C1
2,,-12.77,0.601,4.239,475.59,O=C(NC1CC2C3C=CC=CC3C(=O)N2C1)c1cccc(-c2ccn3c2CCc2ccccc2-3)c1,Cc1cn2c(c1-c1cccc(C(=O)NC3CC4C5C=CC=CC5C(=O)N4C3)c1)CCc1ccccc1-2
3,,-12.53,0.6372,3.312,470.57,O=C1CN(C(=O)CNC(=O)c2cccc(-c3ccn4c3CCc3ccccc3-4)c2)CCN1,Cc1cn2c(c1-c1cccc(C(=O)NCC(=O)N3CC(=O)N(C)CC3C)c1)CCc1ccccc1-2
4,,-12.15,0.7,2.692,414.46,O=C1C=Cc2c(ccc3c2ccn3-c2cccc(C(=O)N3CCCCC3)c2)C1,O=C1C=Cc2c(ccc3c2cc(C(=O)O)n3-c2cccc(C(=O)N3CCCCC3)c2)C1
5,,-12.1,0.6752,2.497,427.55,O=C(NCC(=O)N1CCCCC1)c1cccc(-c2ccn3c2CCc2ccccc2-3)c1,Cc1cn2c(c1-c1cccc(C(=O)NCC(=O)N3CCCCC3)c1)CCc1ccccc1-2
6,,-12.06,0.7956,3.428,423.44,O=C1OCCN1C(=O)c1cccc(-c2ccc3c(c2)NC2CCCCN2C3=O)c1,Cc1cc(C(=O)N2CCOC2=O)cc(-c2ccc3c(c2)NC2CCCCN2C3=O)c1F
7,,-12.05,0.6857,3.592,430.39,O=C1C=C2C(=N1)Cn1c3c(c4c(Oc5ccccc5)cccc4c1=O)=CCC=32,COc1ccc(F)c(Oc2ccc(O)c3c(=O)n4c5c(c23)=CCC=5C2=CC(=O)N=C2C4)c1
8,,-12.04,0.7461,4.01,446.55,O=C(NC1CCNCC1)c1cccc(N2C(=O)NCC3C4C=CC=CC4=CC32)c1,CCC(=O)N1CCC(NC(=O)c2cccc(N3C(=O)NCC4C5C=CC=CC5=CC43)c2)CC1
9,,-11.97,0.7013,3.803,365.38,O=C1c2ccc3c4c2N(CN4C=Cc2ccccc2-3)C2CCCCN12,O=C1c2ccc3c4c2N(CN4C=Cc2cc(F)cc(F)c2-3)C2CCCCN12
10,,-11.96,0.6819,3.742,422.42,O=C1c2ccc(-c3cccc(C(=O)n4cnoc4=O)c3)cc2NC2CCCCN12,Cc1cc(C(=O)n2cnoc2=O)cc(-c2ccc3c(c2)NC2CCCCN2C3=O)c1F
11,,-11.9,0.7194,3.294,397.41,O=C1c2ccc(-c3ccccc3)cc2NC2CCCCN12,Cc1cc(C(=O)NC(=O)O)cc(-c2ccc3c(c2)NC2CCCCN2C3=O)c1F
12,,-11.87,0.6152,3.235,457.57,O=C(NCCN1CCCCC1=O)c1cccc(-c2ccn3c2CCc2ccccc2-3)c1,Cc1ccc2c(c1)-n1cc(C)c(-c3cccc(C(=O)NCCN4CC(O)CCC4=O)c3)c1CC2
13,,-11.87,0.8377,3.074,381.41,O=C1c2ccc(-c3ccccc3)cc2NC2CCCCN12,CC(=O)NC(=O)c1ccc(F)c(-c2ccc3c(c2)NC2CCCCN2C3=O)c1
14,,-11.83,0.728,4.473,432.45,O=C1C2=C=CC=CC2=C2CCC(=O)N3C2=C1C1OCCNCc2cccc3c21,O=C1C2=C=CC=CC2=C2CCC(=O)N3C2=C1C1OCCN(CCO)Cc2cc(F)cc3c21
15,,-11.82,0.7353,3.163,403.46,O=C1CNCC2=CC=C3Cc4cc(-c5ccccc5)ccc4C(=O)N3CCN12,CN1CC(=O)N2CCN3C(=O)c4ccc(-c5ccccc5)c(F)c4CC3=CC=C2C1
16,,-11.8,0.6355,2.53,392.39,O=C1NCc2c(ccc3ccccc23)N1c1ccccc1,NC(=O)CNC(=O)c1cccc(N2C(=O)NCc3c2ccc2c(F)cccc32)c1
17,,-11.76,0.6395,4.604,399.49,O=C1NCCC2CCCN(C2)C(=O)c2cccc(c2)-c2c[nH]c(-c3ccccc3)c21,O=C1NCCC2CCCN(C2)C(=O)c2cccc(c2)-c2c[nH]c(-c3ccccc3)c21
18,,-11.73,0.5373,2.437,393.49,O=C(NCc1ccccn1)c1cccc(-c2ccn3c2CCc2ccccc2-3)c1,Cc1cn2c(c1-c1cccc(C(=O)NCc3ccccn3)c1)CCc1ccccc1-2
19,,-11.73,0.6303,2.954,439.46,O=C(NC1CCCC1)c1ccn(-c2cccc(-c3cccc4c3CCO4)c2)n1,Cc1cn(-c2cccc(-c3c(F)c(F)c(O)c4c3CCO4)c2)nc1C(=O)NC1CCCC1
20,,-11.72,0.7892,2.177,347.42,O=C(NC1CCCCC1)c1cccc(-n2c(=O)ncc3ccccc32)c1,O=C(NC1CCCCC1)c1cccc(-n2c(=O)ncc3ccccc32)c1
21,,-11.72,0.7288,3.242,385.47,O=C(NC1CNCC1=O)c1cccc(-c2ccn3c2CCc2ccccc2-3)c1,Cc1cn2c(c1-c1cccc(C(=O)NC3CNCC3=O)c1)CCc1ccccc1-2
22,,-11.67,0.6638,2.727,450.51,O=C(NCc1cccc(-c2cccc3c(=O)n4c(nc23)CCCC4)c1)N1CCOCC1,Cc1cc(F)c2c(=O)n3c(nc2c1-c1cccc(CNC(=O)N2CCOCC2)c1)CCCC3
23,,-11.67,0.8264,3.348,407.49,O=C1NCCc2c1cccc2-c1ccc2c(c1)NC1CCCCN1C2=O,CCCN1CCc2c(ccc(F)c2-c2ccc3c(c2)NC2CCCCN2C3=O)C1=O
24,,-11.67,0.443,3.225,464.61,O=C(NC1CCN(CCn2cccc2)C1)c1cccc(-c2ccn3c2CCc2ccccc2-3)c1,Cc1cn2c(c1-c1cccc(C(=O)NC3CCN(CCn4cccc4)C3)c1)CCc1ccccc1-2
25,,-11.66,0.8531,3.518,401.42,O=C(Nc1ccccc1)c1cccc(C(=O)N2CCC=C3OC=C4ON=C(C2)C34)c1,O=C(Nc1ccccc1)c1cccc(C(=O)N2CCC=C3OC=C4ON=C(C2)C34)c1
26,,-11.66,0.8275,3.406,419.53,O=C(c1cccc(-n2ccc3c2=CCC2CCCCC=32)c1)N1CCNCC1,CN1CCN(C(=O)c2cccc(-n3c(C(=O)O)cc4c3=CCC3CCCCC=43)c2)CC1
27,,-11.65,0.7003,3.583,408.39,O=C1c2ccc(-c3cccc(C(=O)n4cnoc4=O)c3)cc2NC2CCCCN12,O=C1c2ccc(-c3cc(C(=O)n4cnoc4=O)ccc3F)cc2NC2CCCCN12
28,,-11.63,0.6465,3.53,426.38,O=C1c2ccc(-c3cccc4occc(=O)c34)cc2NC2CCCCN12,O=C(O)c1cc(=O)c2c(-c3ccc4c(c3)NC3CCCCN3C4=O)c(F)cc(F)c2o1
29,,-11.61,0.7392,3.112,383.38,O=C1c2ccc(-c3ccccc3)cc2NC2CCCCN12,O=C(O)NC(=O)c1ccc(F)c(-c2ccc3c(c2)NC2CCCCN2C3=O)c1
30,,-11.6,0.4136,3.022,469.54,O=C(NCCn1ccccc1=O)c1cccc(-c2ccn3c2CCc2ccccc2-3)c1,Cc1ccc2c(c1O)-n1cc(C)c(-c3cccc(C(=O)NCCn4cc(O)ccc4=O)c3)c1CC2
31,,-11.59,0.7611,4.035,420.47,O=C(c1cccc(C(=O)N2CC3=COC4=CCC=CC4=C3C2)c1)N1CCCC1,CC1=C2CN(C(=O)c3cccc(C(=O)N4CC(O)C(O)C4)c3)CC2=C2C=CCC=C2O1
32,,-11.56,0.8334,3.08,395.43,O=C1c2ccc(-c3ccccc3)cc2NC2CCCCN12,CCC(=O)NC(=O)c1ccc(F)c(-c2ccc3c(c2)NC2CCCCN2C3=O)c1
33,,-11.54,0.8178,3.397,409.46,O=C1NCCc2c1cccc2-c1ccc2c(c1)NC1CCCCN1C2=O,O=C1c2ccc(F)c(-c3ccc4c(c3)NC3CCCCN3C4=O)c2CCN1CCO
34,,-11.54,0.6473,2.653,411.45,O=C(NC1CCCC1)c1ccn(-c2cccc(-c3ccccc3)c2)n1,Cc1cn(-c2cccc(-c3c(C)cc(O)c(F)c3F)c2)nc1C(=O)NC1CCCC1
35,,-11.54,0.5464,2.533,435.48,O=C(c1cccc(-n2ccc3ccccc32)c1)N1CCCCC1,NCc1cc(CC(=O)O)c2cc(C(=O)O)n(-c3cccc(C(=O)N4CCCCC4)c3)c2c1
36,,-11.53,0.7593,2.188,366.39,O=C(c1cccc(-n2ccc3ccccc32)c1)N1CCCCC1,O=C(O)c1cc2ccc(F)cc2n1-c1cccc(C(=O)N2CCCCC2)c1
37,,-11.53,0.7317,2.211,381.41,O=C(NC1CCCCC1)c1cccc(-n2c(=O)[nH]c(=O)c3ccccc32)c1,O=C(NC1CCCCC1)c1cccc(-n2c(=O)[nH]c(=O)c3cc(F)ccc32)c1
38,,-11.52,0.6719,3.25,434.52,O=C(NC1CCNCC1)c1ccn(-c2cccc(-c3ccccc3)c2)n1,CC(=O)N1CCC(NC(=O)c2nn(-c3cccc(-c4cccc(F)c4)c3)cc2C)CC1C
39,,-11.52,0.6224,4.185,471.56,O=C(NCC1CN=CN1)c1cccc(-c2ccn3c2CCc2ncccc2-3)c1,COC(=O)N1C=NCC1CNC(=O)c1cccc(-c2c(C)cn3c2CC(C)c2ncc(C)cc2-3)c1
40,,-11.51,0.7771,2.142,363.42,O=C(c1cccc(-n2ccc3ccccc32)c1)N1CCNCC1,CN1CCN(C(=O)c2cccc(-n3c(C(=O)O)cc4ccccc43)c2)CC1
41,,-11.5,0.6952,2.0,361.44,O=C(NC1CCCC1)c1ccc2c(-c3ccccc3)cccc2c1,COc1ccc(-c2cccc3cc(C(=O)NC4CCCC4)c(O)cc23)cc1
42,,-11.47,0.4765,2.875,453.54,O=C(NCCn1ccccc1=O)c1cccc(-c2ccn3c2CCc2ccccc2-3)c1,Cc1ccc2c(c1O)-n1cc(C)c(-c3cccc(C(=O)NCCn4ccccc4=O)c3)c1CC2
43,,-11.46,0.7504,2.092,363.42,O=C(NC1CCCCC1)c1cccc(-n2c(=O)[nH]c(=O)c3ccccc32)c1,O=C(NC1CCCCC1)c1cccc(-n2c(=O)[nH]c(=O)c3ccccc32)c1
44,,-11.45,0.4565,3.088,435.38,O=C1c2cccc(Oc3ccccc3)c2Cc2ccc3c(=O)cccc-3n21,COc1ccc(F)c(Oc2ccc(O)c3c2Cc2ccc4c(=O)cc(F)cc-4n2C3=O)c1
45,,-11.45,0.6535,2.815,417.48,O=C1Cn2cccc2CCN1CCN1CCc2cc(-c3ccccc3)ccc2C1=O,O=C1Cn2cccc2CCN1CCN1CCc2c(ccc(-c3ccccc3)c2F)C1=O
46,,-11.44,0.6585,2.421,405.5,O=C(NC1CCCCC1)c1cccc(-n2c(=O)ncc3ccccc32)c1,O=C(NC1CCCCC1)c1cccc(-n2c(=O)ncc3c(CCCO)cccc32)c1
47,,-11.44,0.6591,2.526,413.57,O=C(NCCN1CCCC1)c1cccc(-c2ccn3c2CCc2ccccc2-3)c1,Cc1ccc2c(c1)-n1cc(C)c(-c3cccc(C(=O)NCCN4CCCC4)c3)c1CC2
48,,-11.4,0.7793,2.068,348.4,O=C(c1cccc(-n2ccc3ccccc32)c1)N1CCCCC1,O=C(O)c1cc2ccccc2n1-c1cccc(C(=O)N2CCCCC2)c1
49,,-11.33,0.7453,4.088,448.45,O=C1C=CC2=C3CCC(=O)N4C3=C(C(=O)C2=C1)C1OCCNCc2cccc4c21,O=C1C=CC2=C3CCC(=O)N4C3=C(C(=O)C2=C1)C1OCCN(CCO)Cc2cc(F)cc4c21
50,,-11.31,0.7659,2.006,329.36,O=C1c2ccccc2-c2ccccc2CN1c1ccccc1,O=C(O)c1cccc2c1CN(c1ccccc1)C(=O)c1ccccc1-2
51,,-11.31,0.6793,2.822,413.52,O=C(c1cccc(N2CC(Cc3cccc4ccccc34)NC2=O)c1)N1CCCCC1,O=C(c1cccc(N2CC(Cc3cccc4ccccc34)NC2=O)c1)N1CCCCC1
52,,-11.29,0.8393,3.071,355.38,O=C(NC1CCCC1)C1=CC2=CC=C(c3ccccc3)CC2=C1,O=C(NC1CCCC1)C1=CC2=CC=C(c3c(F)cccc3F)CC2=C1O
53,,-11.28,0.6251,3.498,432.48,O=C(c1cccc(-c2cncn(Cc3ccc(=O)oc3)c2=O)c1)N1CCC2NCCC21,CN1CCC2C1CCN2C(=O)c1cccc(-c2cncn(Cc3ccc(=O)oc3)c2=O)c1
54,,-11.25,0.6979,2.3,377.46,O=C(NC1CCCC1)c1ccn(-c2cccc(-c3ccccc3)c2)n1,Cc1ccc(-c2ccccc2F)cc1-n1cc(C)c(C(=O)NC2CCCC2)n1
55,,-11.24,0.7729,3.921,437.4,O=C1CCC=C2C1=CC=C1Cc3c(Oc4ccccc4)cccc3C(=O)N12,COc1ccc(F)c(Oc2ccc(O)c3c2CC2=CC=C4C(=O)CC(F)C=C4N2C3=O)c1
56,,-11.22,0.7305,2.244,378.43,O=C(c1cccc(-n2ccc3ccccc32)c1)N1CCCCC1,O=C(O)c1cc2ccccc2n1-c1cccc(C(=O)N2CCC(CO)CC2)c1
57,,-11.19,0.7035,2.26,407.47,O=C(c1cccc(-n2ccc3ccccc32)c1)N1CCNCC1,CCN1CCN(C(=O)c2cccc(-n3c(C(=O)O)cc4ccc(OC)cc43)c2)CC1
58,,-11.16,0.6584,3.301,432.52,O=C(NC1CCNCC1)c1ccn(-c2cccc(-c3ccccc3)c2)n1,CC(=O)N1CCC(NC(=O)c2nn(-c3cccc(-c4ccccc4O)c3)cc2C)CC1C
59,,-11.15,0.4763,2.95,417.39,O=C1c2cccc(Oc3ccccc3)c2Cc2ccc3c(=O)cccc-3n21,COc1ccc(F)c(Oc2ccc(O)c3c2Cc2ccc4c(=O)cccc-4n2C3=O)c1
60,,-11.15,0.7557,2.276,377.44,O=C(NC1CCCCC1)c1cccc(-n2c(=O)ncc3ccccc32)c1,COc1ccc2cnc(=O)n(-c3cccc(C(=O)NC4CCCCC4)c3)c2c1
61,,-11.14,0.7588,2.157,377.44,O=C(c1cccc(-n2ccc3ccccc32)c1)N1CCNCC1,CCN1CCN(C(=O)c2cccc(-n3c(C(=O)O)cc4ccccc43)c2)CC1
62,,-11.13,0.6633,3.56,413.38,O=C1c2ccc(-c3cccc4oc(=O)[nH]c(=O)c34)cc2NC2CCCCN12,Cn1c(=O)oc2c(F)cc(F)c(-c3ccc4c(c3)NC3CCCCN3C4=O)c2c1=O
63,,-11.13,0.5655,3.268,440.55,O=C(NCCN1C=CC=CC1)c1cccc(-c2ccn3c2CCc2ccccc2-3)c1,Cc1cn2c(c1-c1cccc(C(=O)NCCN3C=CC(N)=CC3)c1)CCc1cccc(O)c1-2
64,,-11.12,0.6438,2.349,433.47,O=C(NC1CCNCC1)c1cccc(-n2c(=O)[nH]nc(-c3ccccc3)c2=O)c1,CC(=O)N1CCC(NC(=O)c2cccc(-n3c(=O)[nH]nc(-c4ccccc4)c3=O)c2)CC1
65,,-11.12,0.6932,2.223,393.44,O=C(c1cccc(-n2ccc3ccccc32)c1)N1CCNCC1,O=C(O)c1cc2ccccc2n1-c1cccc(C(=O)N2CCN(CCO)CC2)c1
66,,-11.11,0.572,2.463,436.47,O=C(NC1CCNCC1)c1cccc(-n2c(=O)[nH]c3ccccc3c2=O)c1,CCC(=O)N1CCC(NC(=O)c2cccc(-n3c(=O)[nH]c4cccc(O)c4c3=O)c2)CC1
67,,-11.09,0.8828,2.705,336.44,O=C(Nc1ccccc1)c1cccc(C(=O)NC2CCCC2)c1,CC1CCC(NC(=O)c2cccc(C(=O)Nc3ccccc3)c2)C1C
68,,-11.08,0.7037,2.36,375.47,O=C(NC1CCCC1)c1ccn(-c2cccc(-c3ccccc3)c2)n1,Cc1ccc(-c2cccc(O)c2)cc1-n1cc(C)c(C(=O)NC2CCCC2)n1
69,,-11.07,0.7242,2.647,380.45,O=C(c1cccc(-c2cnc3nc[nH]n3c2=O)c1)N1CCCCCC1,CCc1nc2nc(N)[nH]n2c(=O)c1-c1cccc(C(=O)N2CCCCCC2)c1
70,,-11.07,0.8711,3.488,381.43,O=C(c1cccc(N2C(=O)NC3CC=CCC=C32)c1)N1CCOCC1,CC(=O)C1=CCC=C2C(C1)NC(=O)N2c1cccc(C(=O)N2CCOCC2)c1
71,,-11.07,0.6311,3.085,433.58,O=C(c1cccc(N2CC(Cc3csc4ccccc34)NC2=O)c1)N1CCCCC1,Cc1sc2ccccc2c1CC1CN(c2cccc(C(=O)N3CCCCC3)c2)C(=O)N1
72,,-11.06,0.6762,4.499,448.45,O=C1C2=C=CC=CC2=C2CCC(=O)N3C2=C1C1OCCNCc2cccc3c21,O=C1C2=C=C(O)C=CC2=C2CCC(=O)N3C2=C1C1OCCN(CCO)Cc2cc(F)cc3c21
73,,-11.06,0.6769,2.865,403.41,O=C1c2cccc(Oc3ccccc3)c2CC2=Cc3ccccc3CN12,COc1ccc(F)c(Oc2ccc(O)c3c2CC2=Cc4ccccc4CN2C3=O)c1
74,,-11.06,0.7964,3.271,437.54,O=C(NC1CCNCC1)c1ccn(-c2cccc(C(=O)N3CCCC3)c2)n1,CC(=O)N1CCC(NC(=O)c2nn(-c3cccc(C(=O)N4CCCC4)c3)cc2C)CC1C
75,,-11.04,0.6458,3.653,434.47,O=C1CCc2c3c(cc4ccccc24)C2OCCNCc4cccc(c42)N13,O=C1CCc2c3c(cc4cc(O)ccc24)C2OCCN(CCO)Cc4cc(F)cc(c42)N13
76,,-11.03,0.8742,3.082,378.4,O=C1c2ccc(-c3ccccc3)cc2CC2=CC=CNCCN12,O=C(CO)N1C=CC=C2Cc3c(ccc(-c4ccccc4)c3F)C(=O)N2CC1
77,,-11.03,0.6507,3.087,415.47,O=C1Cn2cccc2C=CN1CCN1CCc2cc(-c3ccccc3)ccc2C1=O,O=C1Cn2cccc2C=CN1CCN1CCc2c(ccc(-c3ccccc3)c2F)C1=O
78,,-11.03,0.6709,2.798,403.46,O=C1Cn2cccc2CN1CCN1CCc2cc(-c3ccccc3)ccc2C1=O,O=C1Cn2cccc2CN1CCN1CCc2c(ccc(-c3ccccc3)c2F)C1=O
79,,-11.02,0.6538,3.182,416.46,O=C1Cn2cccc2N=CN1CCN1CCc2cc(-c3ccccc3)ccc2C1=O,O=C1Cn2cccc2N=CN1CCN1CCc2c(ccc(-c3ccccc3)c2F)C1=O
80,,-11.02,0.8613,2.941,337.39,O=C(NC1CCCC1)C1=CC2=CC=C(c3ccccc3)CC2=C1,O=C(NC1CCCC1)C1=CC2=CC=C(c3ccccc3F)CC2=C1O
81,,-11.01,0.5745,2.79,431.54,O=C(NCCN1CCCC1)c1cccc(-c2ccn3c2CCc2ccccc2-3)c1,Cc1cn2c(c1-c1cccc(C(=O)NCCN3CCCC3)c1)CCc1cc(O)cc(O)c1-2
82,,-10.98,0.8613,2.893,337.39,O=C(NC1CCCC1)C1=CC2=CC=C(c3ccccc3)CC2=C1,O=C(NC1CCCC1)C1=CC2=CC=C(c3ccc(F)cc3)CC2=C1O
83,,-10.97,0.6717,2.24,420.47,O=C(NC1CCNCC1)c1cccc(-n2c(=O)[nH]c3ccccc3c2=O)c1,CCC(=O)N1CCC(NC(=O)c2cccc(-n3c(=O)[nH]c4ccccc4c3=O)c2)CC1
84,,-10.97,0.8225,3.091,409.51,O=C(c1cccc(N2CC(Cc3ccccc3)NC2=O)c1)N1CCCCC1,Cc1ccc(F)c(C)c1CC1CN(c2cccc(C(=O)N3CCCCC3)c2)C(=O)N1
85,,-10.97,0.7459,1.519,334.35,O=C(Nc1ccccc1)c1cccc(C(=O)Nc2ccccc2)c1,O=C(Nc1ccccc1)c1cccc(C(=O)Nc2ccccc2F)c1
86,,-10.96,0.7171,3.006,435.48,O=C1C=CC(=C2C=CN(c3cccc(C(=O)N4CCNCC4)c3)C2)C=C1,O=C1C=CC(=C2C=C(C(=O)O)N(c3cccc(C(=O)N4CCN(CCO)CC4)c3)C2)C=C1
87,,-10.96,0.7991,3.816,409.46,O=C1NCCc2c1cccc2-c1ccc2c(c1)NC1CCCCN1C2=O,CCN1C(=O)c2ccc(F)c(-c3ccc4c(c3)NC3CCCCN3C4=O)c2CC1O
88,,-10.96,0.7583,2.621,375.43,O=C(c1cccc(-c2cncn(Cc3ccccc3)c2=O)c1)N1CCCC1,O=C(c1cccc(-c2cncn(Cc3ccccc3)c2=O)c1)N1CCC(O)C1
89,,-10.95,0.7939,3.621,423.44,O=C1OCCN1C(=O)c1cccc(-c2ccc3c(c2)NC2CCCCN2C3=O)c1,CC1CN(C(=O)c2ccc(F)c(-c3ccc4c(c3)NC3CCCCN3C4=O)c2)C(=O)O1
90,,-10.94,0.8758,2.207,349.43,O=C(NC1CCCCC1)c1cccc(N2C(=O)NCc3ccccc32)c1,O=C(NC1CCCCC1)c1cccc(N2C(=O)NCc3ccccc32)c1
91,,-10.94,0.8864,2.698,380.45,O=C1Cn2c(ncc(-c3cccc(C(=O)N4CCCCCC4)c3)c2=O)N1,CCc1nc2n(c(=O)c1-c1cccc(C(=O)N3CCCCCC3)c1)CC(=O)N2
92,,-10.92,0.882,2.804,377.49,O=C(c1cccc(N2CC(Cc3ccccc3)NC2=O)c1)N1CCCCC1,Cc1ccccc1CC1CN(c2cccc(C(=O)N3CCCCC3)c2)C(=O)N1
93,,-10.92,0.6664,3.298,419.53,O=C(c1cccc(-c2c[nH]c(C3=CC=CC3)c2)c1)N1CCCCC1,CCCNC(=O)c1c(-c2cccc(C(=O)N3CCCC(O)C3)c2)c[nH]c1C1=CC=CC1
94,,-10.92,0.8123,3.355,419.41,O=C1C=CCC2=C1C=C1Cc3c(Oc4ccccc4)cccc3C(=O)N1C2,COc1ccc(F)c(Oc2ccc(O)c3c2CC2=CC4=C(CC=CC4=O)CN2C3=O)c1
95,,-10.91,0.6886,2.296,407.43,O=C(c1cccc(-n2ccc3ccccc32)c1)N1CCNCC1,CN1CCN(C(=O)c2cccc(-n3c(C(=O)O)cc4cc(C(=O)O)ccc43)c2)CC1
96,,-10.9,0.8314,3.02,370.38,O=C(c1cccc(C(=O)N2Cc3ccccc3C2)c1)N1CCCC1,O=C(c1cccc(C(=O)N2CC(O)C(O)C2)c1)N1Cc2ccc(F)cc2C1
97,,-10.9,0.7205,3.051,443.55,O=C1C=C(c2cccc(-c3cccc(CNC(=O)NC4=CCNC(=O)C4)c3)c2)CC1,CCN(C(=O)NCc1cccc(-c2cccc(C3=CC(=O)CC3)c2)c1)C1=CCN(C)C(=O)C1
98,,-10.89,0.6822,2.354,391.47,O=C(NC1CCCC1)c1ccn(-c2cccc(-c3ccccc3)c2)n1,COc1ccc(O)cc1-c1cccc(-n2cc(C)c(C(=O)NC3CCCC3)n2)c1
99,,-10.87,0.6406,2.787,456.59,O=C(NCCN1CCNCC1=O)c1cccc(-c2ccn3c2CCc2ccccc2-3)c1,Cc1ccc2c(c1)-n1cc(C)c(-c3cccc(C(=O)NCCN4CCN(C)CC4=O)c3)c1CC2
100,,-10.86,0.8887,2.122,364.45,O=C(Nc1ccccc1)c1cccc(C(=O)N2CCC=CCCC2)c1,COC1=CCCCN(C(=O)c2cccc(C(=O)Nc3ccccc3)c2)CC1
101,,-10.86,0.7188,3.127,437.5,O=C1C=CC(=C2C=CN(c3cccc(C(=O)N4CCNCC4)c3)C2)CC1,O=C1C=CC(=C2C=C(C(=O)O)N(c3cccc(C(=O)N4CCN(CCO)CC4)c3)C2)CC1
102,,-10.84,0.6996,3.149,416.53,O=C(NC1CCNCC1)c1ccn(-c2cccc(-c3ccccc3)c2)n1,CC(=O)N1CCC(NC(=O)c2nn(-c3cccc(-c4ccccc4)c3)cc2C)CC1C
103,,-10.84,0.6574,2.344,432.48,O=C(NC1CCNCC1)c1cccc(-n2c(=O)[nH]cc(-c3ccccc3)c2=O)c1,CC(=O)N1CCC(NC(=O)c2cccc(-n3c(=O)[nH]cc(-c4ccccc4)c3=O)c2)CC1
104,,-10.8,0.6864,3.229,387.4,c1ccc2c(c1)=NOc1c(cnc3c1CCN3c1ccc3c(c1)OCCO3)N=2,Nc1nc2c(c3c1N=c1ccccc1=NO3)CCN2c1ccc2c(c1)OCCO2
105,,-10.79,0.8162,2.504,381.45,O=C1CNCCN1CCN1CCc2cc(-c3ccccc3)ccc2C1=O,CN1CCN(CCN2CCc3c(ccc(-c4ccccc4)c3F)C2=O)C(=O)C1
106,,-10.77,0.7044,2.793,336.35,c1cnc2nc3c(cc2c1)CCN3c1ccc2c(c1)OCCO2,Nc1ccc2c(O)c3c(nc2n1)N(c1ccc2c(c1)OCCO2)CC3
107,,-10.77,0.8541,2.935,391.52,O=C(c1cccc(N2CC(Cc3ccccc3)NC2=O)c1)N1CCCCC1,Cc1cccc(C)c1CC1CN(c2cccc(C(=O)N3CCCCC3)c2)C(=O)N1
108,,-10.77,0.6582,2.585,411.45,O=C(NC1CCCC1)c1ccn(-c2cccc(-c3ccccc3)c2)n1,Cc1cn(-c2cccc(-c3c(CO)ccc(F)c3F)c2)nc1C(=O)NC1CCCC1
109,,-10.76,0.7382,2.692,393.42,O=C(c1cccc(-c2cncn(Cc3ccccc3)c2=O)c1)N1CCCC1,O=C(c1cccc(-c2cncn(Cc3ccc(F)cc3)c2=O)c1)N1CCC(O)C1
110,,-10.76,0.7912,3.87,437.5,O=C(NC1CCNCC1)c1ccn(-c2cccc(C(=O)N3C=COC3)c2)n1,CC(=O)N1CCC(NC(=O)c2nn(-c3cccc(C(=O)N4C=COC4)c3)cc2C)CC1C
111,,-10.75,0.7778,2.519,409.46,O=C1CNCCN1CCN1CCc2cc(-c3ccccc3)ccc2C1=O,CC(=O)N1CCN(CCN2CCc3c(ccc(-c4ccccc4)c3F)C2=O)C(=O)C1
112,,-10.75,0.8456,2.907,352.39,O=C(c1cccc(C(=O)N2Cc3ccccc3C2)c1)N1CCCC1,O=C(c1cccc(C(=O)N2CC(O)C(O)C2)c1)N1Cc2ccccc2C1
113,,-10.74,0.7077,1.604,364.38,O=C(Nc1ccccc1)c1cccc(C(=O)Nc2ccccc2)c1,COc1ccc(NC(=O)c2cccc(C(=O)Nc3ccccc3F)c2)cc1
114,,-10.73,0.7513,3.791,435.45,O=C1c2cccc(Oc3ccccc3)c2CC2=C3CC=CC=C3CCN12,COc1ccc(F)c(Oc2ccc(O)c3c2CC2=C4CC=CC=C4CC(CO)N2C3=O)c1
115,,-10.72,0.8075,3.847,379.42,O=C1C=C=CC=C1CC1CN(c2cccc(C(=O)N3CCOCC3)c2)C(=O)N1,O=C1C=C=CC=C1CC1CN(c2cccc(C(=O)N3CCOCC3)c2)C(=O)N1
116,,-10.7,0.496,2.795,439.52,O=C(NCCn1ccccc1=O)c1cccc(-c2ccn3c2CCc2ccccc2-3)c1,Cc1cn2c(c1-c1cccc(C(=O)NCCn3ccccc3=O)c1)CCc1cccc(O)c1-2
117,,-10.69,0.8172,3.298,379.42,c1cc2c(cc1N1CCc3cc4c(nc31)NCC1=C4OCC1)OCCO2,CN1CC2=C(OCC2)c2c1nc1c(c2O)CCN1c1ccc2c(c1)OCCO2
118,,-10.69,0.6195,3.174,437.4,O=C1c2cccc(Oc3ccccc3)c2CC2=Cc3ccccc3CN12,COc1ccc(F)c(Oc2ccc(O)c3c2CC2=Cc4cc(O)cc(F)c4CN2C3=O)c1
119,,-10.69,0.6855,2.296,393.46,O=C(NC1CCCC1)c1ccn(-c2cccc(-c3ccccc3)c2)n1,COc1ccc(F)cc1-c1cccc(-n2cc(C)c(C(=O)NC3CCCC3)n2)c1
120,,-10.69,0.7382,2.735,393.42,O=C(c1cccc(-c2cncn(Cc3ccccc3)c2=O)c1)N1CCCC1,O=C(c1cccc(-c2cncn(Cc3cccc(F)c3)c2=O)c1)N1CCC(O)C1
121,,-10.69,0.7723,3.353,425.49,O=C(NC1CCNCC1)c1ccn(-c2ccccc2)n1,CC(=O)NC(=O)c1cccc(-n2cc(C)c(C(=O)NC3CCN(C(C)=O)C(C)C3)n2)c1
122,,-10.67,0.4288,2.945,455.51,O=C(NCCn1ccccc1=O)c1cccc(-c2ccn3c2CCc2ccccc2-3)c1,Cc1cn2c(c1-c1cccc(C(=O)NCCn3cc(O)ccc3=O)c1)CCc1cccc(O)c1-2
123,,-10.67,0.7485,3.121,423.51,O=C(c1cccc(N2CC(Cc3ccccc3)NC2=O)c1)N1CCOCC1,CCCc1ccc(O)cc1CC1CN(c2cccc(C(=O)N3CCOCC3)c2)C(=O)N1
124,,-10.66,0.7059,2.227,392.41,O=C(c1cccc(-n2ccc3ccccc32)c1)N1CCCCC1,O=C(O)c1ccc2c(c1)cc(C(=O)O)n2-c1cccc(C(=O)N2CCCCC2)c1
125,,-10.64,0.8303,2.405,417.51,O=C(NC1CCNCC1)c1cccc(N2CCC=C(c3ccccc3)C2=O)c1,CC(=O)N1CCC(NC(=O)c2cccc(N3CCC=C(c4ccccc4)C3=O)c2)CC1
126,,-10.64,0.6611,3.715,454.55,O=C1NCCCCNc2c1cccc2-c1cccc(CNC(=O)N2CCOCC2)c1,Cc1cc(F)c2c(c1-c1cccc(CNC(=O)N3CCOCC3)c1)NC(C)CCCNC2=O
127,,-10.62,0.8462,2.804,393.49,O=C(c1cccc(N2CC(Cc3ccccc3)NC2=O)c1)N1CCCCC1,COc1ccccc1CC1CN(c2cccc(C(=O)N3CCCCC3)c2)C(=O)N1
128,,-10.62,0.7579,1.374,316.36,O=C(Nc1ccccc1)c1cccc(C(=O)Nc2ccccc2)c1,O=C(Nc1ccccc1)c1cccc(C(=O)Nc2ccccc2)c1
129,,-10.62,0.5891,2.088,305.31,O=c1[nH]c(Nc2cccc3ccccc23)nc2ccccc12,O=c1[nH]c(Nc2cccc3ccccc23)nc2ccc(F)cc12
130,,-10.61,0.8169,3.383,398.43,O=C1CCCCN1CCN1CCc2cc(-c3ccccc3)ccc2C1=O,O=C1c2ccc(-c3ccccc3)c(F)c2CCN1CCN1CC(O)CC(O)C1=O
131,,-10.6,0.638,2.349,437.5,O=C(c1cccc(-n2ccc3ccccc32)c1)N1CCNCC1,CCN1CCN(C(=O)c2cccc(-n3c(C(=O)O)cc4cc(OC)c(OC)cc43)c2)CC1
132,,-10.6,0.862,3.553,367.45,O=C(NC1CCCCC1)c1cccc(N2C(=O)NCC3C(=O)CC=C32)c1,CC1C=C2C(CNC(=O)N2c2cccc(C(=O)NC3CCCCC3)c2)C1=O
133,,-10.6,0.8264,3.103,407.47,O=C1C=CC(=C2C=CN(c3cccc(C(=O)N4CCNCC4)c3)C2)CC1,CN1CCN(C(=O)c2cccc(N3CC(=C4C=CC(=O)CC4)C=C3C(=O)O)c2)CC1
134,,-10.59,0.7557,2.335,377.44,O=C(NC1CCCCC1)c1cccc(-n2c(=O)ncc3ccccc32)c1,COc1cccc2cnc(=O)n(-c3cccc(C(=O)NC4CCCCC4)c3)c12
135,,-10.59,0.6498,4.151,455.56,O=C(NCC1CN=CN1)c1cccc(-c2ccn3c2CCc2ncccc2-3)c1,CC(=O)N1C=NCC1CNC(=O)c1cccc(-c2c(C)cn3c2CC(C)c2ncc(C)cc2-3)c1
136,,-10.59,0.8765,2.843,319.4,O=C(NC1CCCC1)C1=CC2=CC=C(c3ccccc3)CC2=C1,O=C(NC1CCCC1)C1=CC2=CC=C(c3ccccc3)CC2=C1O
137,,-10.58,0.6211,2.316,429.39,c1ccc(-c2cccc(-c3ccccc3)c2)cc1,COc1ccc(-c2cccc(C)c2)cc1-c1cc(C(=O)NC(=O)C(F)(F)F)ccc1O
138,,-10.58,0.7252,2.192,359.47,O=C(NC1CCCC1)c1ccn(-c2cccc(-c3ccccc3)c2)n1,Cc1ccc(-c2ccccc2)cc1-n1cc(C)c(C(=O)NC2CCCC2)n1
139,,-10.56,0.7245,2.485,389.46,O=C(NC1CCCC1)c1ccn(-c2cccc(-c3cccc4c3OCO4)c2)n1,Cc1cn(-c2cccc(-c3cccc4c3OCO4)c2)nc1C(=O)NC1CCCC1
140,,-10.54,0.7829,3.531,439.52,O=C(NC1CCNCC1)c1ccn(-c2cccc(C(=O)N3CCOC3)c2)n1,CC(=O)N1CCC(NC(=O)c2nn(-c3cccc(C(=O)N4CCOC4)c3)cc2C)CC1C
141,,-10.54,0.8838,2.991,382.44,O=C1CCCCN1CCN1CCc2cc(-c3ccccc3)ccc2C1=O,O=C1c2ccc(-c3ccccc3)c(F)c2CCN1CCN1CCCC(O)C1=O
142,,-10.53,0.6091,2.306,401.42,O=C1NCc2c(-c3ccccc3)cccc2N1c1ccccc1,O=C(O)CNC(=O)c1cccc(N2C(=O)NCc3c(-c4ccccc4)cccc32)c1
143,,-10.52,0.6104,2.812,408.41,O=C(c1cccc(-n2ccc3ccccc32)c1)N1CCCCC1,O=C(O)c1ccc2c(c1)cc(C(=O)O)n2-c1cccc(C(=O)N2CCCC(O)C2)c1
144,,-10.52,0.5405,2.431,450.5,O=C(NC1CCNCC1)c1cccc(-n2c(=O)[nH]c3ccccc3c2=O)c1,CCC(=O)N1CCC(NC(=O)c2cccc(-n3c(=O)[nH]c4ccc(CO)cc4c3=O)c2)CC1
145,,-10.51,0.5931,3.03,444.49,C=C1C=CC(=O)N(c2ccc3cc(-c4ccccc4)oc3c2)C1,CC=C1C=C(CC(=O)NCC(=O)O)C(=O)N(c2ccc3cc(-c4ccccc4C)oc3c2)C1
146,,-10.51,0.532,3.093,446.46,C=C1C=CC(=O)N(c2ccc3cc(-c4ccccc4)oc3c2)C1,CC=C1C=C(CC(=O)NCC(=O)O)C(=O)N(c2ccc3cc(-c4cccc(O)c4)oc3c2)C1
147,,-10.51,0.7799,3.172,415.54,O=C(c1cccc(N2C(=O)NC3Cc4ccccc4CCC=C32)c1)N1CCCCC1,Cc1cccc2c1CC1NC(=O)N(c3cccc(C(=O)N4CCCCC4)c3)C1=CCC2
148,,-10.5,0.9387,2.643,324.42,O=C(NC1CCCC1)c1cccc(Cn2ccccc2=O)c1,CC1(C)CCC(NC(=O)c2cccc(Cn3ccccc3=O)c2)C1
149,,-10.48,0.7432,2.65,321.34,c1cnc2nc3c(cc2c1)CCN3c1ccc2c(c1)OCCO2,Oc1c2c(nc3ncccc13)N(c1ccc3c(c1)OCCO3)CC2
150,,-10.47,0.9071,1.674,323.4,O=C(Nc1ccccc1)c1cccc(CNC(=O)N2CCCC2)c1,O=C(Nc1ccccc1)c1cccc(CNC(=O)N2CCCC2)c1
151,,-10.45,0.7326,2.392,376.46,O=C(NC1CCCC1)c1ccn(-c2cccc(-c3cccnc3)c2)n1,COc1ncccc1-c1cccc(-n2cc(C)c(C(=O)NC3CCCC3)n2)c1
152,,-10.44,0.8822,2.882,383.42,O=C(c1cccc(N2CC(Cc3ccccc3)NC2=O)c1)N1CCOCC1,O=C(c1cccc(N2CC(Cc3ccccc3F)NC2=O)c1)N1CCOCC1
153,,-10.42,0.6177,2.955,430.46,C=C1C=CC(=O)N(c2ccc3cc(-c4ccccc4)oc3c2)C1,CC=C1C=C(CC(=O)NCC(=O)O)C(=O)N(c2ccc3cc(-c4ccccc4)oc3c2)C1
154,,-10.41,0.8488,2.928,381.43,O=C(c1cccc(N2CC(Cc3ccccc3)NC2=O)c1)N1CCOCC1,O=C(c1cccc(N2CC(Cc3cccc(O)c3)NC2=O)c1)N1CCOCC1
155,,-10.41,0.5575,3.236,490.56,O=C(NC1CCNC1)c1ccc2c(c1)CN(C(=O)Cc1cccc3oncc13)CC2,COC(=O)N1CCC(N(C)C(=O)c2ccc3c(c2)CN(C(=O)Cc2cccc4onc(C)c24)CC3)C1
156,,-10.41,0.8054,3.104,279.3,O=C1NCC2C(=O)c3ccccc3-c3cccc1c32,CN1CC2C(=O)c3cccc(O)c3-c3cccc(c32)C1=O
157,,-10.4,0.5628,2.926,423.44,c1ccc(-c2cccc(-c3ccccc3)c2)cc1,COc1ccc(-c2cccc(C)c2)cc1-c1cc(C(=O)NC(=O)C(O)CF)ccc1O
158,,-10.39,0.7235,3.704,445.52,O=C(c1ccc2c(c1)CNCC2)N1CCOCC2NCCC21,CC(O)CCC(=O)N1CCc2ccc(C(=O)N3CCOCC4C3CCN4C(=O)O)cc2C1
159,,-10.39,0.6168,3.306,433.55,O=C(c1cccc(-c2c[nH]c(C3=CC=CC3)c2)c1)N1CCCCC1,CCCNC(=O)c1c(-c2cccc(C(=O)N3CCCC(CO)C3)c2)c[nH]c1C1=CC=CC1
160,,-10.39,0.63,4.014,457.58,O=C(NCC1CNCN1)c1cccc(-c2ccn3c2CCc2ncccc2-3)c1,CC(=O)N1CNCC1CNC(=O)c1cccc(-c2c(C)cn3c2CC(C)c2ncc(C)cc2-3)c1
161,,-10.38,0.877,2.133,366.46,O=C(NC1CCCCC1)c1cccc(N2CCOc3ccccc32)c1,COc1ccc2c(c1)OCCN2c1cccc(C(=O)NC2CCCCC2)c1
162,,-10.38,0.8335,2.555,386.5,O=C(NC1CCNCC1)c1cccc(N2CCCNC2=O)c1,CCC(=O)N1CCC(NC(=O)c2cccc(N3CC(C)(C)CNC3=O)c2)CC1
163,,-10.37,0.6146,2.662,473.58,O=c1c2cc(-c3ccc4c(c3)CNCC4)ccc2nc2n1CCNC2,CCNC(=O)CCC(=O)N1CCc2ccc(-c3ccc4nc5n(c(=O)c4c3)CCN(C)C5)cc2C1
164,,-10.37,0.691,3.399,470.5,O=C(CCc1cnoc1)N1CCc2ccc(C(=O)N3CCCC3)cc2C1,CC(=O)NC(=O)CC1CCCN1C(=O)c1ccc2c(c1)CN(C(=O)CCc1conc1F)CC2
165,,-10.36,0.5803,3.201,474.56,O=C(NC1CCNC1)c1ccc2c(c1)CN(C(=O)Cc1cccc3oncc13)CC2,CC(=O)N1CCC(N(C)C(=O)c2ccc3c(c2)CN(C(=O)Cc2cccc4onc(C)c24)CC3)C1
166,,-10.35,0.6855,2.313,393.46,O=C(NC1CCCC1)c1ccn(-c2cccc(-c3ccccc3)c2)n1,COc1ccc(-c2ccccc2F)cc1-n1cc(C)c(C(=O)NC2CCCC2)n1
167,,-10.35,0.6551,4.211,498.56,O=C1COCC(CC2CCCN2C(=O)c2ccc3c(c2)CN(C(=O)CCc2cnoc2)CC3)N1,CC1OCC(CC2CCCN2C(=O)c2ccc3c(c2)CN(C(=O)CCc2conc2F)CC3)NC1=O
168,,-10.34,0.7555,2.096,345.45,O=C(NC1CCCC1)c1ccn(-c2cccc(-c3ccccc3)c2)n1,Cc1cn(-c2cccc(-c3ccccc3)c2)nc1C(=O)NC1CCCC1
169,,-10.33,0.7018,3.167,446.59,O=C(Cc1ccc(CC(=O)NC2CC(=O)c3ccccc32)cc1)NC1CCCC1,Cc1cc(C(C)(C)C(=O)NC2CC(=O)c3ccccc32)ccc1CC(=O)N(C)C1CCCC1
170,,-10.33,0.8049,3.033,433.43,O=C(c1cccc(N2CC(Cc3ccccc3)NC2=O)c1)N1CCOCC1,O=C(c1cccc(N2CC(Cc3ccccc3C(F)(F)F)NC2=O)c1)N1CCOCC1
171,,-10.32,0.731,2.45,367.41,O=C1NCc2ccccc2N1c1ccccc1,CCCc1cccc2c1CNC(=O)N2c1cccc(C(=O)NCC(=O)O)c1
172,,-10.32,0.6089,2.777,497.57,O=C(Nc1ccc(CN2CCN(CCC(=O)N3CCCC3)CC2=O)nc1)c1ccccc1,Cc1cc(C(=O)Nc2cnc(CN3CCN(CCC(=O)N4CCCC4)CC3=O)c(C)c2O)ccc1F
173,,-10.32,0.8388,2.183,380.44,O=C(NC1CCCCC1)c1cccc(N2CCOc3ccccc32)c1,O=C(O)c1ccc2c(c1)OCCN2c1cccc(C(=O)NC2CCCCC2)c1
174,,-10.3,0.827,2.41,418.5,O=C(NC1CCNCC1)c1cccc(N2CCN=C(c3ccccc3)C2=O)c1,CC(=O)N1CCC(NC(=O)c2cccc(N3CCN=C(c4ccccc4)C3=O)c2)CC1
175,,-10.28,0.6888,2.785,405.5,O=C(c1cccc(-c2c[nH]c(C3=CC=CC3)c2)c1)N1CCCCC1,O=C(NCCO)c1c(-c2cccc(C(=O)N3CCCCC3)c2)c[nH]c1C1=CC=CC1
176,,-10.27,0.768,2.579,434.5,O=C(NC1CCNCC1)c1cccc(N2CCN=C(c3ccccc3)C2=O)c1,CC(=O)N1CCC(NC(=O)c2cccc(N3CCN=C(c4ccccc4O)C3=O)c2)CC1
177,,-10.27,0.8689,2.792,379.46,O=C(c1cccc(N2CC(CCc3ccccc3)NC2=O)c1)N1CCOCC1,O=C(c1cccc(N2CC(CCc3ccccc3)NC2=O)c1)N1CCOCC1
178,,-10.27,0.8787,2.129,350.42,O=C(Nc1ccccc1)c1cccc(C(=O)N2CCC=CCCC2)c1,O=C(Nc1ccccc1)c1cccc(C(=O)N2CCC=C(O)CCC2)c1
179,,-10.24,0.7541,1.774,322.39,O=C(Nc1ccccc1)c1cccc(C(=O)Nc2cccs2)c1,O=C(Nc1ccccc1)c1cccc(C(=O)Nc2cccs2)c1
180,,-10.24,0.6615,3.274,433.51,O=C(NC1CCCCC1)c1cccc(-n2c(=O)ncc3c4c(ccc32)COCCC4)c1,O=C(NC1CCCCC1)c1cccc(-n2c(=O)ncc3c4c(ccc32)COC(O)CC4)c1
181,,-10.24,0.7991,3.056,407.51,O=C(c1cccc(N2CC(Cc3ccccc3)NC2=O)c1)N1CCCCC1,Cc1cccc(CO)c1CC1CN(c2cccc(C(=O)N3CCCCC3)c2)C(=O)N1
182,,-10.23,0.7844,2.665,408.5,O=C(NC1CCCCC1)c1cccc(N2C(=O)NCc3cnccc32)c1,COCc1nc(C)cc2c1CNC(=O)N2c1cccc(C(=O)NC2CCCCC2)c1
183,,-10.22,0.5809,3.586,464.57,O=C(Nc1ccc(CN2CCNCC2=O)nc1)C1=CCCc2ccccc21,Cc1c(CN2CCN(CCCO)CC2=O)ncc(NC(=O)C2=CC(C)Cc3ccccc32)c1O
184,,-10.22,0.8264,3.378,397.43,O=C1C=C(CC2CN(c3cccc(C(=O)N4CCOCC4)c3)C(=O)N2)C(=O)CC1,O=C1C=C(CC2CN(c3cccc(C(=O)N4CCOCC4)c3)C(=O)N2)C(=O)CC1
185,,-10.22,0.7085,3.6,463.53,O=C(Cc1ccc(C2C=NC(=O)N(Cc3ccccc3)C2=O)cc1)N1CCCCC1,Cc1cc(C2(C)C(=O)N(Cc3ccccc3)C(=O)N=C2O)ccc1CC(=O)N1CCCC(O)C1
186,,-10.21,0.7773,3.492,448.52,O=C1CC2c3c(cccc31)OCCN2C(=O)c1ccc2c(c1)CNCC2,CC(O)CCC(=O)N1CCc2ccc(C(=O)N3CCOc4cccc5c4C3CC5=O)cc2C1
187,,-10.19,0.7687,2.43,353.38,O=C1NCc2ccccc2N1c1ccccc1,CCc1cccc2c1CNC(=O)N2c1cccc(C(=O)NCC(=O)O)c1
188,,-10.18,0.7128,2.198,375.47,O=C(NC1CCCC1)c1ccn(-c2cccc(-c3ccccc3)c2)n1,COc1ccccc1-c1cccc(-n2cc(C)c(C(=O)NC3CCCC3)n2)c1
189,,-10.17,0.9066,1.703,267.33,O=C(c1cccc(-c2ccccc2)c1)N1CCCC1,O=C(c1cccc(-c2ccccc2O)c1)N1CCCC1
190,,-10.17,0.7155,2.712,390.49,O=C(NC1CCNCC1)c1ccn(-c2cccc(-c3cncnc3)c2)n1,Cc1ncc(-c2ccc(C)c(-n3cc(C)c(C(=O)NC4CCNCC4)n3)c2)cn1
191,,-10.16,0.6436,3.186,418.54,O=C(NC1CCNCC1)c1ccn(-c2cccc(-c3ccccc3)c2)n1,Cc1cn(-c2cccc(-c3ccccc3)c2)nc1C(=O)NC1CCN(CCO)C(C)C1
192,,-10.16,0.7282,2.731,403.53,O=C(c1cccc(-c2c[nH]c(C3=CC=CC3)c2)c1)N1CCCCC1,CCCNC(=O)c1c(-c2cccc(C(=O)N3CCCCC3)c2)c[nH]c1C1=CC=CC1
193,,-10.15,0.6725,2.551,402.49,O=C(NC1CCNC1)c1cccc(-c2cccc(-c3ccccc3)c2)c1,COc1ccc(-c2ccccc2)cc1-c1cc(C(=O)NC2CCN(C)C2)ccc1O
194,,-10.15,0.6563,3.62,415.53,O=C(Cc1ccc(CC(=O)NC2CCNC2=O)cc1)NC1CCCC1,Cc1cc(C(C)(C)C(=O)NC2CC(O)NC2=O)ccc1CC(=O)N(C)C1CCCC1
195,,-10.14,0.6043,3.741,479.53,O=C(Cc1ccc(C2C=NC(=O)N(Cc3ccccc3)C2=O)cc1)N1CCCCC1,Cc1cc(C2(C)C(=O)N(Cc3cccc(O)c3)C(=O)N=C2O)ccc1CC(=O)N1CCCC(O)C1
196,,-10.14,0.7102,2.78,395.53,O=C(NC1CCNCC1)c1ccn(-c2cccc(-c3cncs3)c2)n1,Cc1ncc(-c2ccc(C)c(-n3cc(C)c(C(=O)NC4CCNCC4)n3)c2)s1
197,,-10.14,0.7446,3.372,452.53,O=C(NCc1cccc(-c2cccc3c2NC2CCCCN2C3=O)c1)N1CCOCC1,Cc1cc(F)c2c(c1-c1cccc(CNC(=O)N3CCOCC3)c1)NC1CCCCN1C2=O
198,,-10.13,0.7835,3.708,437.54,O=C(c1cccc(N2C=CC3=C4CCCCC4CCOC32)c1)N1CCNCC1,CN1CCN(C(=O)c2cccc(N3C(C(=O)O)=CC4=C5CCCCC5CCOC43)c2)CC1
199,,-10.13,0.671,3.097,425.44,O=C(c1cccc(N2CC(Cc3ccccc3)NC2=O)c1)N1CCOCC1,O=C(O)c1ccc(O)cc1CC1CN(c2cccc(C(=O)N3CCOCC3)c2)C(=O)N1
200,,-10.12,0.9132,3.097,322.41,O=C1NCCCN1Cc1cccc(C2NNc3ccccc32)c1,CN1CCCN(Cc2cccc(C3NNc4ccccc43)c2)C1=O
201,,-10.11,0.6625,3.484,453.58,O=C1C=CC(NC(=O)Cc2ccc(CC(=O)NC3CCCC3)cc2)C1,CNC(=O)C1=CC(=O)CC1NC(=O)C(C)(C)c1ccc(CC(=O)N(C)C2CCCC2)c(C)c1
202,,-10.11,0.9044,2.754,365.43,O=C(c1cccc(N2CC(Cc3ccccc3)NC2=O)c1)N1CCOCC1,O=C(c1cccc(N2CC(Cc3ccccc3)NC2=O)c1)N1CCOCC1
203,,-10.1,0.5965,3.893,450.49,C=C1C=CC(=O)N(c2ccc3cc(C4=CCCC4)oc3c2)C1,CC=C1C=C(CC(=O)NCC(=O)O)C(=O)N(c2ccc3cc(C4=CCC(CO)C4)oc3c2)C1
204,,-10.1,0.7666,3.815,428.53,O=C(NC1CC2CNC(=O)N2C1)c1ccc2c(c1)CNCC2,CC(O)CCC(=O)N1CCc2ccc(C(=O)N(C)C3CC4CN(C)C(=O)N4C3)cc2C1
205,,-10.09,0.708,2.747,391.43,O=C(c1cccc(-c2cncn(Cc3ccccc3)c2=O)c1)N1CCCC1,O=C(c1cccc(-c2cncn(Cc3ccc(O)cc3)c2=O)c1)N1CCC(O)C1
206,,-10.09,0.6645,2.47,426.5,O=C(NC1CCNCC1)c1cccc(-n2c(=O)[nH]c3ccsc3c2=O)c1,CCC(=O)N1CCC(NC(=O)c2cccc(-n3c(=O)[nH]c4ccsc4c3=O)c2)CC1
207,,-10.07,0.9077,2.92,339.44,O=C(NC1CCCC1)c1cccc(Cn2ccccc2=O)c1,CN(C)C1CCC(NC(=O)c2cccc(Cn3ccccc3=O)c2)C1
208,,-10.06,0.6592,2.829,420.52,O=C(NC1CCNCC1)c1ccn(-c2cccc(-c3cnccn3)c2)n1,COc1nc(-c2ccc(C)c(-n3cc(C)c(C(=O)NC4CCNCC4)n3)c2)cnc1C
209,,-10.04,0.7594,3.364,424.5,O=C(NC1CCNCC1)c1cccc(N2C(=O)NCC3C=CC=C32)c1,CCC(=O)N1CCC(NC(=O)c2cccc(N3C(=O)NCC4C(OC)=CC=C43)c2)CC1
210,,-10.04,0.7155,2.714,390.49,O=C(NC1CCNCC1)c1ccn(-c2cccc(-c3cnccn3)c2)n1,Cc1cnc(-c2ccc(C)c(-n3cc(C)c(C(=O)NC4CCNCC4)n3)c2)cn1
211,,-10.03,0.8681,3.021,353.47,O=C(NC1CCCC1)c1cccc(Cn2ccccc2=O)c1,CCN(C)C1CCC(NC(=O)c2cccc(Cn3ccccc3=O)c2)C1
212,,-10.03,0.8584,3.133,391.47,O=C(c1cccc(N2C=CC(=C3C=CC=CC3)C2)c1)N1CCNCC1,CN1CCN(C(=O)c2cccc(N3CC(=C4C=CC=CC4)C=C3C(=O)O)c2)CC1
213,,-10.01,0.4752,2.691,417.39,O=C1c2cccc(Oc3ccccc3)c2Cc2cc3ccccc3c(=O)n21,COc1ccc(F)c(Oc2ccc(O)c3c2Cc2cc4ccccc4c(=O)n2C3=O)c1
214,,-10.0,0.7239,3.994,453.54,O=C(Cc1ccc(C2C=NCN(Cc3ccoc3)C2=O)cc1)N1CCCCC1,Cc1cc(C2(C)C(=O)N(Cc3ccoc3C)CN=C2O)ccc1CC(=O)N1CCCC(O)C1
215,,-9.99,0.871,1.939,338.45,O=C(NC1CCCCC1)c1cccc(Nc2ccccc2)c1,COc1ccc(N(C)c2cccc(C(=O)NC3CCCCC3)c2)cc1
216,,-9.98,0.8713,3.376,380.42,O=C1c2ccc(-c3ccccc3)cc2CC2CC=CNCCN12,O=C(CO)N1C=CCC2Cc3c(ccc(-c4ccccc4)c3F)C(=O)N2CC1
217,,-9.97,0.8674,3.669,381.43,O=C(c1cccc(N2C(=O)NC3CC=CC=CC32)c1)N1CCOCC1,CC(=O)C1=CC=CC2C(C1)NC(=O)N2c1cccc(C(=O)N2CCOCC2)c1
218,,-9.97,0.7518,3.133,437.52,O=C(c1cccc(N2C=CC(Cc3ccccc3)C2)c1)N1CCNCC1,CCN1CCN(C(=O)c2cccc(N3CC(Cc4ccccc4F)C=C3C(=O)O)c2)CC1
219,,-9.96,0.7886,3.825,401.51,O=C1NCN=CC1c1ccc(CC(=O)N2CCCCC2)cc1,CCCN1CN=C(O)C(C)(c2ccc(CC(=O)N3CCCC(O)C3)c(C)c2)C1=O
220,,-9.94,0.6358,2.065,398.51,O=C(Nc1ccccc1)c1ccc2c(c1)CN(C(=O)CCc1ccccc1)CC2,CN(C(=O)c1ccc2c(c1)CN(C(=O)CCc1ccccc1)CC2)c1ccccc1
221,,-9.94,0.858,3.316,383.4,O=C(c1cccc(N2CC(Cc3coccc3=O)NC2=O)c1)N1CCOCC1,O=C(c1cccc(N2CC(Cc3coccc3=O)NC2=O)c1)N1CCOCC1
222,,-9.93,0.8336,3.233,382.42,O=C(c1cccc(N2CC(Cc3ccncc3)NC2=O)c1)N1CCOCC1,O=C(c1cccc(N2CC(Cc3ccnc(O)c3)NC2=O)c1)N1CCOCC1
223,,-9.93,0.8069,2.092,366.51,O=C(c1cccc(CNc2ccccc2)c1)N1CCCCC1,CCC1CCN(C(=O)c2cccc(CN(CCO)c3ccccc3)c2)CC1
224,,-9.91,0.6495,2.445,422.44,O=C(c1cccc(-n2ccc3ccccc32)c1)N1CCCCC1,COc1cc(C(=O)O)cc2cc(C(=O)O)n(-c3cccc(C(=O)N4CCCCC4)c3)c12
225,,-9.91,0.5802,3.042,430.5,C=C1C=CC(=O)N(c2ccc3cc(-c4ccccc4)oc3c2)C1,CC=C1C=C(CC(=O)NCCC)C(=O)N(c2ccc3cc(-c4cccc(O)c4)oc3c2)C1
226,,-9.9,0.8373,3.814,380.54,O=C(NC1CCCCC1)c1ccn(-c2cccc(C3CCCN3)c2)n1,Cc1cn(-c2cccc(C3CC(C)CN3)c2)nc1C(=O)NC1CCCC(C)C1
227,,-9.9,0.5489,2.746,409.46,c1ccc(-c2cccc(-c3ccccc3)c2)cc1,COc1ccc(-c2cccc(C)c2)cc1-c1cc(C(=O)NCC(O)CF)ccc1O
228,,-9.87,0.7243,4.128,410.36,O=C1N=C2CC=C3NN=C4Cc5ccccc5C4=C3C2N1,COC(=O)COC(=O)c1cc(F)c2c(c1)CC1=NNC3=CCC4=NC(=O)NC4C3=C12
229,,-9.86,0.6465,3.239,437.5,O=C(c1cccc(N2C=CC(=C3C=CC=CC3)C2)c1)N1CCNCC1,O=C(O)C1=CC(=C2C=C(O)C=CC2)CN1c1cccc(C(=O)N2CCN(CCO)CC2)c1
230,,-9.86,0.7342,2.901,396.42,O=C(NCc1ccccc1)c1cc2ccc(N3CCCCC3=O)cc2o1,CN(Cc1ccccc1F)C(=O)c1cc2ccc(N3CC(O)CCC3=O)cc2o1
231,,-9.85,0.5322,2.64,432.52,O=C(NC1CCNC1)c1cccc(-c2cccc(-c3ccccc3)c2)c1,COc1ccc(-c2ccccc2)cc1-c1cc(C(=O)NC2CCN(CCO)C2)ccc1O
232,,-9.85,0.691,3.187,304.35,O=c1nc2nccc3c2c2n1C(c1ccccc1)CCN2CC3,O=c1nc2nccc3c2c2n1C(c1ccccc1)CCN2CC3
233,,-9.84,0.6458,3.225,478.59,C=C1C=CC(=O)N(c2ccc3cc(CNC(=O)N4CCCC4)oc3c2)C1,CC=C1C=C(CC(=O)NCCC)C(=O)N(c2ccc3cc(CN(C)C(=O)N4CCCC4)oc3c2)C1
234,,-9.83,0.6563,2.344,406.49,O=C(Cc1nc2ccc(Oc3ccccc3)cc2[nH]1)N1CCCC1,CC(=O)NCc1ccc(Oc2ccc3nc(CC(=O)N4CCCC4)[nH]c3c2)c(C)c1
235,,-9.82,0.6676,3.324,462.59,O=C(Cc1ccc(CC(=O)NC2CC(=O)c3ccccc32)cc1)NC1CCCC1,Cc1cc(C(C)(C)C(=O)NC2CC(=O)c3c(O)cccc32)ccc1CC(=O)N(C)C1CCCC1
236,,-9.82,0.7883,2.132,368.48,O=C(c1cccc(CNc2ccccc2)c1)N1CCCCC1,O=C(c1cccc(CN(CCO)c2ccccc2)c1)N1CCC(CO)CC1
237,,-9.82,0.662,2.379,388.47,O=C(Nc1ccccc1)c1ccc2c(c1)CN(C(=O)CCc1ccoc1)CC2,CN(C(=O)c1ccc2c(c1)CN(C(=O)CCc1ccoc1)CC2)c1ccccc1
238,,-9.79,0.5777,2.389,408.46,O=C(Cc1nc2ccc(Oc3ccccc3)cc2[nH]1)N1CCCC1,Cc1cc(CNC(=O)O)ccc1Oc1ccc2nc(CC(=O)N3CCCC3)[nH]c2c1
239,,-9.79,0.8676,3.507,276.3,O=C1C=CN2C(=Nc3ncccc3C2c2ccccc2)N1,O=C1C=CN2C(=Nc3ncccc3C2c2ccccc2)N1
240,,-9.78,0.8114,3.275,399.45,O=C(c1cc2ccc(N3CCCCC3=O)cc2o1)N1CCCC1,CC(=O)NCC1CCN(C(=O)c2cc3ccc(N4CC(O)CCC4=O)cc3o2)C1
241,,-9.78,0.7154,2.415,365.5,O=C(NC1CCCC1)c1ccn(-c2cccc(-c3cccs3)c2)n1,Cc1ccc(-c2cccs2)cc1-n1cc(C)c(C(=O)NC2CCCC2)n1
242,,-9.77,0.8999,1.827,269.3,c1ccc(-c2ccccc2)cc1,CCC(=O)NC(=O)c1cccc(-c2ccccc2O)c1
243,,-9.76,0.6541,2.928,422.44,O=C(NCc1ccccc1)c1cc2ccc(N3CCCCC3=O)cc2o1,CN(Cc1cccc(C(=O)O)c1)C(=O)c1cc2ccc(N3CC(O)CCC3=O)cc2o1
244,,-9.75,0.8318,3.053,396.45,O=C(c1cccc(N2CC(Cc3ccncc3)NC2=O)c1)N1CCOCC1,COc1cc(CC2CN(c3cccc(C(=O)N4CCOCC4)c3)C(=O)N2)ccn1
245,,-9.73,0.6747,3.494,442.52,O=C1CCC(C2CNC(=O)N(c3cccc(C(=O)NC4CCNCC4)c3)C2)O1,CCC(=O)N1CCC(NC(=O)c2cccc(N3CC(C4CCC(=O)O4)CNC3=O)c2)CC1
246,,-9.71,0.8302,3.652,399.49,O=C(c1ccc2c(c1)CNCC2)N1CCOCC2=NCCC21,CC(O)CCC(=O)N1CCc2ccc(C(=O)N3CCOCC4=NCCC43)cc2C1
247,,-9.71,0.8058,3.554,371.39,O=C1CC(CC2CN(c3cccc(C(=O)N4CCOCC4)c3)C(=O)N2)=CO1,O=C1CC(CC2CN(c3cccc(C(=O)N4CCOCC4)c3)C(=O)N2)=CO1
248,,-9.7,0.4778,3.703,480.57,O=C(Nc1ccc(CN2CCNCC2=O)nc1)C1=CCCc2ccccc21,Cc1c(CN2CCN(CCCO)CC2=O)ncc(NC(=O)C2=CC(C)Cc3cc(O)ccc32)c1O
249,,-9.7,0.9166,2.803,328.37,O=C(c1cc2ccc(N3CCCCC3=O)cc2o1)N1CCCC1,O=C(c1cc2ccc(N3CC(O)CCC3=O)cc2o1)N1CCCC1
250,,-9.69,0.7751,3.066,369.47,O=C(NC1CCCC1)c1cccc(Cn2ccccc2=O)c1,CN(CCO)C1CCC(NC(=O)c2cccc(Cn3ccccc3=O)c2)C1
251,,-9.69,0.6876,3.507,418.47,O=C1CCc2c3c(cc4ccccc24)C2OCCNCc4cccc(c42)N13,O=C1CCc2c3c(cc4ccccc24)C2OCCN(CCO)Cc4cc(F)cc(c42)N13
252,,-9.69,0.6233,3.729,479.58,C=C1C=CC(=O)N(c2ccc3cc(CNC(=O)C4CCCO4)oc3c2)C1,CC=C1C=C(CC(=O)NCCC)C(=O)N(c2ccc3cc(CN(C)C(=O)C4CCCO4)oc3c2)C1
253,,-9.68,0.6406,2.083,337.35,c1ccc(NCc2ccccc2-c2ccccc2)cc1,O=C(O)c1cccc(-c2ccccc2O)c1CNc1cccc(F)c1
254,,-9.68,0.9089,3.127,355.39,O=C(c1cccc(N2CC(Cc3ccoc3)NC2=O)c1)N1CCOCC1,O=C(c1cccc(N2CC(Cc3ccoc3)NC2=O)c1)N1CCOCC1
255,,-9.68,0.7316,3.213,424.5,O=C(NC1CCNC1)c1ccc2c(c1)CN(C(=O)CCc1cnoc1)CC2,CC(=O)N1CCC(N(C)C(=O)c2ccc3c(c2)CN(C(=O)CCc2cnoc2)CC3)C1
256,,-9.67,0.7012,2.822,391.47,O=C(Cc1nc2ccc(Oc3ccc(C4CCCO4)cc3)cc2[nH]1)N1CCCC1,O=C(Cc1nc2ccc(Oc3ccc(C4CCCO4)cc3)cc2[nH]1)N1CCCC1
257,,-9.66,0.8803,3.578,369.42,O=C(c1cccc(N2CC(CC3=COCC=C3)NC2=O)c1)N1CCOCC1,O=C(c1cccc(N2CC(CC3=COCC=C3)NC2=O)c1)N1CCOCC1
258,,-9.66,0.784,3.295,417.55,O=C(c1cccc(N2C(=O)NC3Cc4ccccc4CCCC32)c1)N1CCCCC1,Cc1cccc2c1CC1NC(=O)N(c3cccc(C(=O)N4CCCCC4)c3)C1CCC2
259,,-9.65,0.7205,3.804,444.53,O=C(NC1CCNCC1)c1cccc(N2CC(C3COCO3)CNC2=O)c1,CCC(=O)N1CCC(NC(=O)c2cccc(N3CC(C4OCOC4C)CNC3=O)c2)CC1
260,,-9.64,0.8018,3.379,305.31,O=C(NCc1ccc2ccccc2c1)C1CCCO1,O=C(NCc1cc(F)c2cc(O)ccc2c1)C1CC(O)CO1
261,,-9.63,0.7632,3.512,419.35,O=C(c1cccc(N2CCNC2=O)c1)N1CCOCC1,O=C(c1cccc(N2CC(CC(=C(F)F)C(F)(F)F)NC2=O)c1)N1CCOCC1
262,,-9.62,0.7492,3.527,448.48,O=C(NC1CCNCC1)c1cccc(-n2ccnc(C3C=NC=NC3=O)c2=O)c1,CC(=O)N1CCC(NC(=O)c2cccc(-n3ccnc(C4C=NC(C)=NC4=O)c3=O)c2)CC1
263,,-9.61,0.6816,3.224,434.42,O=C1c2cccc(Oc3ccccc3)c2CC2=Cc3c(cc[nH]c3=O)CN12,COc1ccc(F)c(Oc2ccc(O)c3c2CC2=Cc4c(ccn(C)c4=O)CN2C3=O)c1
264,,-9.61,0.8948,2.687,318.35,c1cc2c3c(cccc3c1)CNCC2,COc1ccc2cc(F)cc3c2c1CCN(CNC(=O)CO)C3
265,,-9.6,0.698,3.214,358.44,c1ccc2cc(C3CCNC3)ccc2c1,CCNC(=O)COc1ccc2ccc(C3CCN(C(O)CO)C3)cc2c1
266,,-9.59,0.8017,2.076,292.34,c1ccc(Cc2ccccc2-c2cn[nH]c2)cc1,Cn1cc(-c2cccc(C(=O)O)c2Cc2ccccc2)cn1
267,,-9.58,0.7027,2.16,363.46,O=C(Cc1nc2ccc(Oc3ccccc3)cc2[nH]1)N1CCCC1,CCCc1ccc(Oc2ccc3nc(CC(=O)N4CCCC4)[nH]c3c2)cc1
268,,-9.58,0.9369,2.663,327.43,O=C1NCCCCN1CCCc1cc2ccccc2cn1,Cc1c(CCCN2CCCCN(C)C2=O)ncc2ccc(O)cc12
269,,-9.58,0.8238,3.575,385.42,O=C(c1cccc(N2C(=O)NC3CC=CCCC32)c1)N1CCOCC1,O=C(O)C1=CCCC2C(C1)NC(=O)N2c1cccc(C(=O)N2CCOCC2)c1
270,,-9.57,0.7796,3.019,419.53,O=C(c1cccc(N2C=CC(Cc3ccccc3)C2)c1)N1CCNCC1,CCN1CCN(C(=O)c2cccc(N3CC(Cc4ccccc4)C=C3C(=O)O)c2)CC1
271,,-9.57,0.7997,3.338,427.5,O=C(c1cc2ccc(N3CCCCC3=O)cc2o1)N1CCC(CN2CCOCC2)C1,O=C(c1cc2ccc(N3CC(O)CCC3=O)cc2o1)N1CCC(CN2CCOCC2)C1
272,,-9.55,0.6588,2.975,422.48,O=C(NCc1ccccc1)c1cc2ccc(N3CCCCC3=O)cc2o1,COCc1cccc(CN(C)C(=O)c2cc3ccc(N4CC(O)CCC4=O)cc3o2)c1
273,,-9.54,0.8021,3.649,415.53,O=C(c1ccc2c(c1)CNCC2)N1CCOCC2NCCC21,CC(O)CCC(=O)N1CCc2ccc(C(=O)N3CCOCC4C3CCN4C)cc2C1
274,,-9.53,0.7182,3.539,449.47,O=C(NC1CCNCC1)c1cccc(-n2ccnc(C3C=CC=NC3=O)c2=O)c1,CC(=O)N1CCC(NC(=O)c2cccc(-n3ccnc(C4C=CC(O)=NC4=O)c3=O)c2)CC1
275,,-9.52,0.827,3.952,367.41,O=C(c1cccc(N2CC(CC3=COC=C=C3)NC2=O)c1)N1CCOCC1,O=C(c1cccc(N2CC(CC3=COC=C=C3)NC2=O)c1)N1CCOCC1
276,,-9.51,0.8313,3.005,253.26,O=C1C=CC=C2CN(c3ccccc3)C(=O)C=C12,O=C1C=C(O)C=C2CN(c3ccccc3)C(=O)C=C12
277,,-9.5,0.8206,2.678,381.52,O=C(N1CCCC1)N(CCCc1cc2ccccc2cn1)C1CCCC1,Cc1c(CCCN(C(=O)N2CCCC2)C2CCCC2)ncc2ccc(O)cc12
278,,-9.47,0.7959,2.475,384.56,O=C(Cc1ccc(CC(=O)NC2CCCC2)cc1)NC1CCCC1,Cc1cc(C(C)(C)C(=O)NC2CCCC2)ccc1CC(=O)N(C)C1CCCC1
279,,-9.45,0.9438,2.743,310.4,O=C(NC1CCCC1)c1cccc(Cn2ccccc2=O)c1,CC1CCC(NC(=O)c2cccc(Cn3ccccc3=O)c2)C1
280,,-9.44,0.7566,2.786,378.43,O=C(NCc1ccccc1)c1cc2ccc(N3CCCCC3=O)cc2o1,CN(Cc1ccccc1)C(=O)c1cc2ccc(N3CC(O)CCC3=O)cc2o1
281,,-9.44,0.5308,2.829,499.54,O=C(Nc1ccc(CN2CCN(CCC(=O)N3CCCC3)CC2=O)nc1)c1ccccc1,Cc1c(CN2CCN(CCC(=O)N3CCCC3)CC2=O)ncc(NC(=O)c2cc(F)ccc2O)c1O
282,,-9.4,0.5757,2.709,495.58,O=C(Nc1ccc(CN2CCN(CCC(=O)N3CCCC3)CC2=O)nc1)c1ccccc1,COc1ccccc1C(=O)Nc1cnc(CN2CCN(CCC(=O)N3CCCC3)CC2=O)c(C)c1O
283,,-9.39,0.637,3.418,433.44,O=C1c2cccc(Oc3ccccc3)c2CC2=Cc3ccccc3CN12,COc1ccc(F)c(Oc2ccc(O)c3c2CC2=Cc4ccccc4C(CO)N2C3=O)c1
284,,-9.38,0.7498,3.381,439.56,O=C(NC1CCNCC1)c1ccn(-c2ccccc2)n1,CCCN(C)C(=O)c1cccc(-n2cc(C)c(C(=O)NC3CCN(C(C)=O)C(C)C3)n2)c1
285,,-9.38,0.5732,3.236,480.57,C=C1C=CC(=O)N(c2ccc3ccoc3c2)C1,CC=C1C=C(CC(=O)NCCC)C(=O)N(c2ccc3cc(CN(C)C(=O)CNC(C)=O)oc3c2)C1
286,,-9.35,0.7015,3.348,466.53,O=C(c1ccc2c(c1)CNCC2)N1CCOc2ccccc2C1,CC(O)CCC(=O)N1CCc2ccc(C(=O)N3CCOc4ccc(C(=O)O)cc4C3C)cc2C1
287,,-9.34,0.6843,3.138,293.33,O=c1ccc2c3n(c(=O)[nH]c-2n1)C(c1ccccc1)CC3,Cn1c2nc(=O)ccc-2c2n(c1=O)C(c1ccccc1)CC2
288,,-9.3,0.7962,3.3,360.43,c1ccc2cc(C3CCNC3)ccc2c1,CCNC(=O)COc1ccc2ccc(C3CCN(C(O)CF)C3)cc2c1
289,,-9.3,0.8853,3.201,380.49,O=C(c1cccc(-c2cnc3n(c2=O)CCN3)c1)N1CCCCCC1,CCc1nc2n(c(=O)c1-c1cccc(C(=O)N3CCCCCC3)c1)C(C)CN2
290,,-9.29,0.8639,3.06,332.41,O=c1cnc2c(n1Cc1ccccc1)N=C1C=CC=CN1C2,CCCc1nc2c(n(Cc3ccccc3)c1=O)N=C1C=CC=CN1C2
291,,-9.28,0.7897,3.284,268.31,C1=CCC2=CC(Oc3ccccc3)CC2=C1,COC(=O)C1=C2CC=CC=C2CC1Oc1ccccc1
292,,-9.27,0.5946,2.279,394.43,O=C(Cc1nc2ccc(Oc3ccccc3)cc2[nH]1)N1CCCC1,O=C(O)NCc1ccc(Oc2ccc3nc(CC(=O)N4CCCC4)[nH]c3c2)cc1
293,,-9.26,0.6314,2.705,479.58,O=C(Nc1ccc(CN2CCN(CCC(=O)N3CCCC3)CC2=O)nc1)c1ccccc1,Cc1cccc(C(=O)Nc2cnc(CN3CCN(CCC(=O)N4CCCC4)CC3=O)c(C)c2O)c1
294,,-9.26,0.7802,3.579,435.57,O=C(c1cccc(N2C=CC3=C4CCCCC4CCCC32)c1)N1CCNCC1,CN1CCN(C(=O)c2cccc(N3C(C(=O)O)=CC4=C5CCCCC5CCCC43)c2)CC1
295,,-9.25,0.907,1.856,311.26,O=C(Nc1ccccc1)c1ccccc1,O=C(Nc1ccccc1)c1cc(OCC(F)(F)F)ccc1O
296,,-9.24,0.8102,3.718,397.43,O=C(c1cccc(N2C(=O)NC3CC=CC=CC32)c1)N1CCOCC1,CC1=CC2C(CC(C(=O)O)=C1)NC(=O)N2c1cccc(C(=O)N2CCOCC2)c1
297,,-9.24,0.9002,2.554,300.32,c1ncc2c(n1)N(c1ccc3c(c1)OCCO3)CC2,COc1nc(N)nc2c1CCN2c1ccc2c(c1)OCCO2
298,,-9.23,0.8059,4.212,270.33,O=C1NCC2C=C3CCCN3C2C1c1ccccc1,O=C1NC(O)C2C=C3CCCN3C2C1c1ccccc1
299,,-9.23,0.8327,4.041,405.43,O=C1c2ccc(-c3ccccc3)cc2C2CN=C3C=CNCCN1C32,O=C(CO)N1C=CC2=NCC3c4c(ccc(-c5ccccc5)c4F)C(=O)N(CC1)C23
300,,-9.21,0.6643,2.306,410.56,O=C(c1cccc(CNc2ccccc2)c1)N1CCCCC1,CCCc1cccc(N(CCO)Cc2cccc(C(=O)N3CCC(CO)CC3)c2)c1
301,,-9.19,0.8483,2.616,355.48,O=C(NCCCc1cc2ccccc2cn1)N1CCCC1,CCCN(CCCc1ncc2ccc(O)cc2c1C)C(=O)N1CCCC1
302,,-9.17,0.8084,3.841,399.45,O=C(c1cccc(N2C(=O)NC3CC=CCCC32)c1)N1CCOCC1,CC1C=C(C(=O)O)CC2NC(=O)N(c3cccc(C(=O)N4CCOCC4)c3)C2C1
303,,-9.17,0.765,4.625,405.54,O=C1NCCCCNC(=O)c2c(c[nH]c2C2=CCCC2)-c2cccc1c2,CCCN1CCCCNC(=O)c2c(c[nH]c2C2=CC(C)CC2)-c2cccc(c2)C1=O
304,,-9.17,0.6872,3.685,477.56,O=C(Cc1ccc(C2C=NC(=O)N(Cc3ccccc3)C2=O)cc1)N1CCCCC1,Cc1cc(C2(C)C(=O)N(Cc3ccccc3C)C(=O)N=C2O)ccc1CC(=O)N1CCCC(O)C1
305,,-9.16,0.9407,2.265,284.36,O=C(Cc1n[nH]c(-c2ccccc2)n1)N1CCCCC1,Cc1ccccc1-c1nc(CC(=O)N2CCCCC2)n[nH]1
306,,-9.16,0.7166,1.931,331.42,O=C(CCCc1ccccc1)NCc1ccnc(-c2ccccn2)c1,O=C(CCCc1ccccc1)NCc1ccnc(-c2ccccn2)c1
307,,-9.15,0.8159,3.457,254.33,C1=CCC2=CC(Oc3ccccc3)CC2=C1,COCC1=C2CC=CC=C2CC1Oc1ccccc1
308,,-9.1,0.5848,3.865,454.53,O=C(Nc1ccc(CN2CCNCC2=O)nc1)C1=CCCc2occc21,Cc1c(CN2CCN(CCCO)CC2=O)ncc(NC(=O)C2=CC(C)Cc3occc32)c1O
309,,-9.09,0.5107,4.045,480.61,C=C1C=CC(=O)N(c2ccc3cc(CN4CCCC4)oc3c2)C1,CC=C1C=C(CC(=O)NC(C)CO)C(=O)N(c2ccc3cc(CN4CCCC4CNC)oc3c2)C1
310,,-9.08,0.6872,3.677,477.56,O=C(Cc1ccc(C2C=NC(=O)N(Cc3ccccc3)C2=O)cc1)N1CCCCC1,Cc1cccc(CN2C(=O)N=C(O)C(C)(c3ccc(CC(=O)N4CCCC(O)C4)c(C)c3)C2=O)c1
311,,-9.06,0.7031,3.558,451.52,C=C1C=CC(=O)N(c2ccc3cc(C(=O)N4CCCC4)oc3c2)C1,CC=C1C=C(CC(=O)NC(C)CO)C(=O)N(c2ccc3cc(C(=O)N4CCCC4)oc3c2)C1
312,,-9.05,0.6297,3.201,453.54,C=C1C=CC(=O)N(c2ccc3ccoc3c2)C1,CC=C1C=C(CC(=O)NCCC)C(=O)N(c2ccc3cc(CN(C)C(=O)COC)oc3c2)C1
313,,-9.04,0.7066,3.243,440.5,O=C(NC1CCNC1)c1ccc2c(c1)CN(C(=O)CCc1cnoc1)CC2,COC(=O)N1CCC(N(C)C(=O)c2ccc3c(c2)CN(C(=O)CCc2cnoc2)CC3)C1
314,,-9.03,0.5509,3.996,467.57,C=C1C=CC(=O)N(c2ccc3cc(CN4CCCC4)oc3c2)C1,CC=C1C=C(CC(=O)NC(C)CO)C(=O)N(c2ccc3cc(CN4CCCC4CO)oc3c2)C1
315,,-9.03,0.7541,3.601,411.5,O=C(NC1CCNC1)c1ccc2c(c1)CN(C(=O)CCc1ccoc1)CC2,CN(C(=O)c1ccc2c(c1)CN(C(=O)CCc1ccoc1)CC2)C1CNC(CO)C1
316,,-9.01,0.6704,3.811,470.57,O=C(Cc1ccc(C2C=NCN(CC(=O)N3CCCC3)C2=O)cc1)N1CCCCC1,Cc1cc(C2(C)C(=O)N(CC(=O)N3CCCC3)CN=C2O)ccc1CC(=O)N1CCCC(O)C1
317,,-9.01,0.7399,1.981,255.25,O=c1[nH]c(Nc2ccccc2)nc2ccccc12,O=c1[nH]c(Nc2ccccc2)nc2ccc(F)cc12
318,,-8.99,0.7928,2.476,358.44,O=C(c1cccc(CNc2ccco2)c1)N1CCCCC1,O=C(c1cccc(CN(CCO)c2ccco2)c1)N1CCC(CO)CC1
319,,-8.98,0.872,1.962,341.28,O=C(Nc1ccccc1)c1ccccc1,COc1cccc(NC(=O)c2cc(OCC(F)(F)F)ccc2O)c1
320,,-8.95,0.7486,3.55,449.51,O=C(NC1CCNCC1)c1cccc(N2CCN=C(C3C=CC=NC3=O)C2=O)c1,CC(=O)N1CCC(NC(=O)c2cccc(N3CCN=C(C4C=CC(C)=NC4=O)C3=O)c2)CC1
321,,-8.95,0.8201,3.663,301.39,O=C(NC1CCCC1)C1=CC2=CC=CCC2=C1,CCCOC1C=CC=C2C=C(C(=O)NC3CCCC3)C(O)=C21
322,,-8.89,0.6372,3.581,438.61,O=C(Cc1ccc(CC(=O)NC2CCCC2)cc1)NC1C=CC=CC1,CCC1=CC(O)=CCC1NC(=O)C(C)(C)c1ccc(CC(=O)N(C)C2CCCC2)c(C)c1
323,,-8.88,0.8295,2.343,258.3,O=C1NCCc2cc3ccccc3nc21,CCCN1CCc2cc3cc(F)ccc3nc2C1=O
324,,-8.85,0.8243,2.435,356.47,O=C(c1cccc(CNc2ccco2)c1)N1CCCCC1,CCC1CCN(C(=O)c2cccc(CN(CCO)c3ccco3)c2)CC1
325,,-8.84,0.5295,3.969,481.55,C=C1C=CC(=O)N(c2ccc3cc(CN4CCCC4)oc3c2)C1,CC=C1C=C(CC(=O)NC(C)CO)C(=O)N(c2ccc3cc(CN4CCCC4C(=O)O)oc3c2)C1
326,,-8.83,0.7128,3.314,424.55,O=C(NC1CCNC1)c1ccc2c(c1)CN(C(=O)CCc1cnoc1)CC2,CCc1nocc1CCC(=O)N1CCc2ccc(C(=O)N(C)C3CCN(C)C3)cc2C1
327,,-8.78,0.7503,2.364,270.27,O=c1[nH]c(Nc2ccncc2)nc2ccccc12,Cc1cc(Nc2nc3ccc(F)cc3c(=O)[nH]2)ccn1
328,,-8.77,0.5866,3.798,455.6,O=C(Cc1ccc(CC(=O)NC2CCCC2)cc1)NC1C=CCC1,CNC(=O)C1=CC(O)CC1NC(=O)C(C)(C)c1ccc(CC(=O)N(C)C2CCCC2)c(C)c1
329,,-8.75,0.616,4.548,467.52,O=C(Cc1ccc(C2C=NC(=O)N(C3C=CC=CC3)C2=O)cc1)N1CCCCC1,Cc1cc(C2(C)C(=O)N(C3C=CC=CC3)C(=O)N=C2O)ccc1CC(=O)N1CCC(O)C(O)C1
330,,-8.75,0.8653,3.399,312.32,C1=CCC2=CC(Oc3ccccc3)CC2=C1,COC(=O)C1=C2CC=C(C(=O)O)C=C2CC1Oc1ccccc1
331,,-8.72,0.6957,4.079,466.54,O=C(Cc1ccc(C2C=NCN(CC(=O)n3cccc3)C2=O)cc1)N1CCCCC1,Cc1cc(C2(C)C(=O)N(CC(=O)n3cccc3)CN=C2O)ccc1CC(=O)N1CCCC(O)C1
332,,-8.72,0.734,2.39,254.25,O=c1[nH]cc2cccc(-c3ccccc3)n12,O=C(O)c1[nH]c(=O)n2c(-c3ccccc3)cccc12
333,,-8.71,0.8622,3.954,292.34,O=C1NCC2=C(c3ccccc3)N=CC3=CC=CC(N1)N32,CN1CC2=C(c3ccccc3)N=CC3=CC=CC(NC1=O)N32
334,,-8.69,0.8098,3.262,387.52,O=C(NC1CCNC1)c1ccc2c(c1)CNCC2,CCN(C(=O)c1ccc2c(c1)CN(C(=O)CCC(C)O)CC2)C1CCN(C)C1
335,,-8.69,0.9162,3.009,300.36,O=c1cc2n(c(=O)[nH]1)C(c1ccccc1)CC2,Cn1c(=O)c(CCCO)c2n(c1=O)C(c1ccccc1)CC2
336,,-8.69,0.8287,3.758,404.4,O=C1c2ccc(-c3ccccc3)cc2C2=NN=C3C=CNCCN1C32,O=C(CO)N1C=CC2=NN=C3c4c(ccc(-c5ccccc5)c4F)C(=O)N(CC1)C23
337,,-8.65,0.644,2.217,414.48,O=C(NCc1ccccc1)c1ccc(C(=O)NCc2ccccc2)s1,Cc1cc(C(=O)NCc2ccccc2)sc1C(=O)N(C)Cc1ccc(F)cc1F
338,,-8.6,0.6291,2.564,412.45,O=C(Nc1ccc(CN2CCNCC2=O)nc1)c1ccccc1,Cc1c(CN2CCN(CCC(=O)O)CC2=O)ncc(NC(=O)c2ccccc2)c1O
339,,-8.59,0.7135,3.432,419.46,O=C1NCC(=O)N2CCN3C(=O)c4ccc(-c5ccccc5)cc4CC3CC=C12,CN1CC(=O)N2CCN3C(=O)c4ccc(-c5ccccc5)c(F)c4CC3CC=C2C1=O
340,,-8.59,0.7737,2.684,422.41,O=C(Nc1ccc(CN2CCNCC2=O)nc1)c1ccccc1,Cc1c(CN2CCN(CC(F)(F)F)CC2=O)ncc(NC(=O)c2ccccc2)c1O
341,,-8.59,0.8642,2.635,369.35,c1ccc(-c2nc[nH]n2)cc1,CNC(=O)Cc1nc(-c2cccc(C(=O)N(C)CC(F)(F)F)c2)nn1C
342,,-8.57,0.798,3.53,290.33,O=C1N=C2C=CC=C3C=NC(c4ccccc4)=C(CN1)N32,CN1CC2=C(c3ccccc3)N=CC3=CC=CC(=NC1=O)N32
343,,-8.56,0.9158,4.076,341.46,O=C1NCCCN1Cc1cccc(C2NCCC2C2C=COC2)c1,CN1CCCN(Cc2cccc(C3NCCC3C3C=COC3)c2)C1=O
344,,-8.56,0.6947,2.407,402.49,O=C(NC1CCCC1)c1ccc2c(c1)CNCC2,O=C(O)CCCC(=O)N1CCc2ccc(C(=O)N(CCO)C3CCCC3)cc2C1
345,,-8.52,0.7414,2.344,309.37,O=c1[nH]ccc2c1ncc(=O)n2Cc1ccccc1,CCCc1nc2c(=O)n(C)ccc2n(Cc2ccccc2)c1=O
346,,-8.52,0.8025,2.454,298.37,c1ccc(-c2cn[nH]c2)c(Cc2ccsc2)c1,Cn1cc(-c2cccc(C(=O)O)c2Cc2ccsc2)cn1
347,,-8.47,0.5714,4.506,466.49,C=C1C=CC(=O)N(c2ccc3cc(CN4CC=NC4=O)oc3c2)C1,CC=C1C=C(CC(=O)NC(C)CO)C(=O)N(c2ccc3cc(C(O)N4CC=NC4=O)oc3c2)C1
348,,-8.47,0.7237,2.191,365.43,O=C(Cc1nc2ccc(Oc3ccccc3)cc2[nH]1)N1CCCC1,COCc1ccc(Oc2ccc3nc(CC(=O)N4CCCC4)[nH]c3c2)cc1
349,,-8.46,0.6506,2.568,398.46,O=C(Nc1ccc(CN2CCNCC2=O)nc1)c1ccccc1,Cc1c(CN2CCN(CCCO)CC2=O)ncc(NC(=O)c2ccccc2)c1O
350,,-8.46,0.9413,2.874,297.36,O=c1cnc2c(n1Cc1ccccc1)C=CNC2,CCCc1nc2c(n(Cc3ccccc3)c1=O)C=CN(O)C2
351,,-8.45,0.7928,3.004,319.28,O=C(NC1CCCC1)c1ccccc1,O=C(NC1CCC(O)C1)c1cc(OCC(F)(F)F)ccc1O
352,,-8.44,0.896,2.937,317.31,O=C(NC1CCCC1)c1ccccc1,CC1CCC(NC(=O)c2cc(OCC(F)(F)F)ccc2O)C1
353,,-8.43,0.8862,3.279,279.29,O=C1OCCCN1c1ccc2c(c1)OCCO2,CC(O)C1COC(=O)N(c2ccc3c(c2)OCCO3)C1
354,,-8.41,0.7458,2.345,301.39,O=C(COc1ccco1)NCc1ccccc1,CC(C)CCN(Cc1ccccc1)C(=O)COc1ccco1
355,,-8.4,0.9002,2.26,327.38,O=C(Nc1ccc(CN2CCOCC2)nc1)c1ccccc1,Cc1c(CN2CCOCC2)ncc(NC(=O)c2ccccc2)c1O
356,,-8.39,0.7855,3.202,268.32,C1=Nc2ncccc2C(c2ccccc2)N1,OCCNC1=Nc2ncccc2C(c2ccccc2)N1
357,,-8.39,0.8586,3.569,305.33,O=C1OCCC2CCCC2N1c1ccc2c(c1)OCCO2,O=C1OCCC2CC(O)CC2N1c1ccc2c(c1)OCCO2
358,,-8.38,0.9032,3.215,341.31,C1=C(c2csc(-c3ccccc3)n2)CN=N1,Oc1ccc(OCC(F)(F)F)cc1-c1nc(C2=CN=NC2)cs1
359,,-8.37,0.7362,3.447,407.49,O=C1C=C(NC(=O)N(CCC(=O)N2CCOCC2)Cc2cccs2)CC1,CC1(O)CC(NC(=O)N(CCC(=O)N2CCOCC2)Cc2cccs2)=CC1=O
360,,-8.31,0.7102,2.525,393.44,O=C(NC1CCCCC1)c1cccc(-n2c(=O)ncc3ccccc32)c1,COc1c(O)ccc2cnc(=O)n(-c3cccc(C(=O)NC4CCCCC4)c3)c12
361,,-8.3,0.7846,2.434,343.38,O=C(Nc1ccc(CN2CCOCC2)nc1)c1ccccc1,Cc1c(CN2CCOCC2)ncc(NC(=O)c2cccc(O)c2)c1O
362,,-8.3,0.7205,3.619,440.5,O=C(NC1CCNCC1)c1cccc(N2C(=O)NCC3C=CC(=O)C32)c1,CCC(=O)N1CCC(NC(=O)c2cccc(N3C(=O)NCC4C(OC)=CC(=O)C43)c2)CC1
363,,-8.29,0.6851,3.184,401.37,C1=C(c2csc(-c3ccccc3)n2)CNN1,O=C(O)CN1CC(c2csc(-c3cc(OCC(F)(F)F)ccc3O)n2)=CN1
364,,-8.26,0.8044,2.445,379.41,O=C(NCc1cccs1)Nc1ccccc1,CN(C(=O)O)C(=O)CCN(Cc1cccs1)C(=O)Nc1cccc(F)c1
365,,-8.26,0.9219,2.871,311.34,O=c1cnc2c(n1Cc1ccccc1)C=CNC2,CN1C=Cc2c(nc(CC(=O)O)c(=O)n2Cc2ccccc2)C1
366,,-8.2,0.681,3.834,478.55,O=C(Cc1ccc(C2C=NC(=O)N(Cc3ccncc3)C2=O)cc1)N1CCCCC1,Cc1cc(CN2C(=O)N=C(O)C(C)(c3ccc(CC(=O)N4CCCC(O)C4)c(C)c3)C2=O)ccn1
367,,-8.19,0.6887,4.186,464.45,O=C1C=CC2=C3CCC(=O)N4C3=C(C(=O)C2=C1)C1OCCNCc2cccc4c21,O=C1C=C2C(=O)C3=C4C(=C2C=C1O)CCC(=O)N4c1cc(F)cc2c1C3OCCN(CCO)C2
368,,-8.17,0.7337,3.153,425.53,O=C(NC1CCNC1)c1ccc2c(c1)CN(C(=O)CCc1ccoc1)CC2,CN1CCC(N(CCO)C(=O)c2ccc3c(c2)CN(C(=O)CCc2ccoc2)CC3)C1
369,,-8.09,0.7482,3.087,307.35,O=c1[nH]c(=O)n2c3c(cccc13)NCC2c1ccccc1,Cc1ccc2c3c1c(=O)n(C)c(=O)n3C(c1ccccc1)CN2
370,,-8.02,0.699,4.548,434.47,O=C1CCC2=C3C=CC=C=C3CC3=C2N1c1cccc2c1C3OCCNC2,O=C1CCC2=C3C=CC(O)=C=C3CC3=C2N1c1cc(F)cc2c1C3OCCN(CCO)C2
371,,-8.02,0.7761,3.273,362.47,O=C1CCCCN1Cc1ccccn1,CCCN(C)CC(=O)Nc1cnc(CN2CCCC(C)C2=O)c(C)c1O
372,,-7.98,0.8466,2.137,373.48,O=C(CCN(Cc1cccs1)C(=O)Nc1ccccc1)N1CCOCC1,O=C(CCN(Cc1cccs1)C(=O)Nc1ccccc1)N1CCOCC1
373,,-7.98,0.7721,3.623,393.51,O=C(CCN(Cc1cccs1)C(=O)NC1=CCCC1)N1CCOCC1,CC1CC(NC(=O)N(CCC(=O)N2CCOCC2)Cc2cccs2)=CC1O
374,,-7.92,0.8273,4.223,410.47,O=C1c2ccc(-c3ccccc3)cc2C2SC3C=CNCCN1C32,O=C(CO)N1C=CC2SC3c4c(ccc(-c5ccccc5)c4F)C(=O)N(CC1)C23
375,,-7.85,0.7598,3.331,316.36,O=C1CNCC(CN2CC=C(Oc3ccccc3)C2=O)O1,CCN1CC(=O)OC(CN2CC=C(Oc3ccccc3)C2=O)C1
376,,-7.85,0.7357,3.811,407.51,O=C1N=CNC2CCC(c3ccc4ccccc4c3)C12,CCCC1=NC(=O)C2C(CCC2c2ccc3ccc(OCC(=O)NCC)cc3c2)N1
377,,-7.79,0.7514,3.791,441.57,O=C(Cc1ccc(C2C=NCN(C3CCCCC3)C2=O)cc1)N1CCCCC1,Cc1cc(C2(C)C(=O)N(C3CCCCC3)CN=C2O)ccc1CC(=O)N1CCCC(O)C1
378,,-7.77,0.8347,2.845,334.46,c1ccc(CN2CCCC2)nc1,CCN(C)CC(=O)Nc1cnc(CN2CCC(C)(C)C2)c(C)c1O
379,,-7.75,0.8363,2.453,347.31,c1ccc(-c2nccs2)cc1,O=C(O)CCc1csc(-c2cc(OCC(F)(F)F)ccc2O)n1
380,,-7.71,0.8266,2.405,331.36,c1ccc(-c2nccs2)cc1,CCCCc1csc(-c2cc(OCC(F)(F)F)ccc2O)n1
381,,-7.68,0.5603,3.772,459.5,O=C1N=CC(c2ccc(CC(=O)N3CCCCC3)cc2)C(=O)N1,Cc1cc(C2(C)C(=O)N(CCCC(=O)O)C(=O)N=C2O)ccc1CC(=O)N1CCCC(O)C1
382,,-7.6,0.7379,2.208,345.35,O=C1c2ccccc2-c2ccccc2CN1c1ccccc1,O=C(O)c1cccc2c1CN(c1ccccc1O)C(=O)c1ccccc1-2
383,,-7.57,0.7754,5.666,349.48,O=C1NCCC2=CC=CC3CCC4CNC(c5cccc(c5)CN12)C34,CN1CCC2=CC=CC3CCC4CNC(c5cccc(c5)CN2C1=O)C34
384,,-7.54,0.8219,1.791,272.27,O=C(c1ccccc1)N1CCNCC1,O=C(c1ccccc1)N1CCN(CC(F)(F)F)CC1
385,,-7.5,0.7882,2.953,405.52,O=C1C=C(NC(=O)N(CCC(=O)N2CCOCC2)Cc2cccs2)CC1,CC1(C)CC(NC(=O)N(CCC(=O)N2CCOCC2)Cc2cccs2)=CC1=O
386,,-7.42,0.6834,2.767,413.47,O=C(CNc1ccsc1)NC(=O)N1CCc2cccc3cccc(c23)C1,COc1ccc2cc(F)cc3c2c1CCN(C(=O)NC(=O)CNc1ccsc1)C3
387,,-7.42,0.7254,2.041,293.36,c1ccccc1,COC(=O)OCC(=O)N(CCC(C)C)Cc1ccccc1
388,,-7.37,0.7201,4.539,450.47,O=C1C2=C3C(=C4C=CC=CC14)CCC(=O)N3c1cccc3c1C2OCCNC3,O=C1C2=C3C(=C4C=CC(O)=CC14)CCC(=O)N3c1cc(F)cc3c1C2OCCN(CCO)C3
389,,-7.26,0.8479,2.254,296.44,O=C(NCc1cccs1)NCC1CCCCC1,O=C(NCC1CCCCC1)N(CCO)Cc1cccs1
390,,-7.12,0.7059,5.022,416.48,O=C1c2cccc(c2)C(=O)N(c2ccccc2)CCOC2=COC3=CCCN1CCC32,O=C1c2cccc(c2)C(=O)N(c2ccccc2)CCOC2=COC3=CCCN1CCC32
391,,-7.08,0.7234,3.341,400.44,O=c1cnc2c(n1Cc1ccccc1)N=C1c3nccnc3C=CN1C2,CCCc1nc2c(n(Cc3ccccc3)c1=O)N=C1c3nccnc3C=C(O)N1C2
392,,-6.89,0.8826,2.511,385.44,O=C(CN1CCCC1)NC(=O)N1CCc2cccc3cccc(c23)C1,COc1ccc2cc(F)cc3c2c1CCN(C(=O)NC(=O)CN1CCCC1)C3
393,,-6.58,0.7393,5.793,436.46,O=C1c2cccc(c2)C(=O)N2CCC(C2)OC=COc2cccc3c2CN1C3,O=C1c2cccc(c2)C(=O)N2CC(O)C(C2)OC=COc2ccc(CCO)c3c2CN1C3
394,,-6.39,0.7355,2.605,341.43,O=C(OC1CCCC1)c1cccs1,Cc1cc(C(=O)OC2CCCC2)sc1C(=O)N(CCO)CCO
395,,-6.08,0.7187,3.176,312.43,O=C(NCc1cccs1)NC1CCCC1,O=C(NC1CCC(CO)C1)N(CCCO)Cc1cccs1
